#
# There is insufficient memory for the Java Runtime Environment to continue.
# Native memory allocation (malloc) failed to allocate 1350736 bytes for Chunk::new
# Possible reasons:
#   The system is out of physical RAM or swap space
#   The process is running with CompressedOops enabled, and the Java Heap may be blocking the growth of the native heap
# Possible solutions:
#   Reduce memory load on the system
#   Increase physical memory or swap space
#   Check if swap backing store is full
#   Decrease Java heap size (-Xmx/-Xms)
#   Decrease number of Java threads
#   Decrease Java thread stack sizes (-Xss)
#   Set larger code cache with -XX:ReservedCodeCacheSize=
#   JVM is running with Unscaled Compressed Oops mode in which the Java heap is
#     placed in the first 4GB address space. The Java Heap base address is the
#     maximum limit for the native heap growth. Please use -XX:HeapBaseMinAddress
#     to set the Java Heap base and to place the Java Heap above 4GB virtual address.
# This output file may be truncated or incomplete.
#
#  Out of Memory Error (arena.cpp:168), pid=53660, tid=42636
#
# JRE version: Java(TM) SE Runtime Environment (21.0.10+8) (build 21.0.10+8-LTS-217)
# Java VM: Java HotSpot(TM) 64-Bit Server VM (21.0.10+8-LTS-217, mixed mode, sharing, tiered, compressed oops, compressed class ptrs, g1 gc, windows-amd64)
# No core dump will be written. Minidumps are not enabled by default on client versions of Windows
#

---------------  S U M M A R Y ------------

Command Line: --add-opens=java.base/java.lang=ALL-UNNAMED --add-opens=java.base/java.lang.invoke=ALL-UNNAMED --add-opens=java.base/java.util=ALL-UNNAMED --add-opens=java.prefs/java.util.prefs=ALL-UNNAMED --add-exports=jdk.compiler/com.sun.tools.javac.api=ALL-UNNAMED --add-exports=jdk.compiler/com.sun.tools.javac.util=ALL-UNNAMED --add-opens=java.base/java.util=ALL-UNNAMED --add-opens=java.prefs/java.util.prefs=ALL-UNNAMED --add-opens=java.base/java.nio.charset=ALL-UNNAMED --add-opens=java.base/java.net=ALL-UNNAMED --add-opens=java.base/java.util.concurrent=ALL-UNNAMED --add-opens=java.base/java.util.concurrent.atomic=ALL-UNNAMED --add-opens=java.xml/javax.xml.namespace=ALL-UNNAMED --add-opens=java.base/java.time=ALL-UNNAMED -XX:MaxMetaspaceSize=512m -Xmx2048m -Dfile.encoding=UTF-8 -Duser.country=US -Duser.language=en -Duser.variant -javaagent:C:\Users\User\.gradle\wrapper\dists\gradle-9.4.1-bin\arn2x92ynaizyzdaamcbpbhtj\gradle-9.4.1\lib\agents\gradle-instrumentation-agent-9.4.1.jar org.gradle.launcher.daemon.bootstrap.GradleDaemon 9.4.1

Host: Intel(R) Core(TM) i5-6500 CPU @ 3.20GHz, 4 cores, 15G,  Windows 11 , 64 bit Build 26100 (10.0.26100.9444)
Time: Wed Sep 30 09:40:09 2026 Sri Lanka Standard Time elapsed time: 2450.388906 seconds (0d 0h 40m 50s)

---------------  T H R E A D  ---------------

Current thread (0x000002297eb5c3c0):  JavaThread "C2 CompilerThread0" daemon [_thread_in_native, id=42636, stack(0x0000004245800000,0x0000004245900000) (1024K)]


Current CompileTask:
C2:2450388 33694       4       jdk.nio.zipfs.ZipFileSystem::initCEN (473 bytes)

Stack: [0x0000004245800000,0x0000004245900000]
Native frames: (J=compiled Java code, j=interpreted, Vv=VM code, C=native code)
V  [jvm.dll+0x6d0b59]
V  [jvm.dll+0x85fd56]
V  [jvm.dll+0x86224e]
V  [jvm.dll+0x862923]
V  [jvm.dll+0x282a16]
V  [jvm.dll+0xc662d]
V  [jvm.dll+0xc6b71]
V  [jvm.dll+0x3bbb21]
V  [jvm.dll+0x387fd2]
V  [jvm.dll+0x38741a]
V  [jvm.dll+0x24b370]
V  [jvm.dll+0x24a94f]
V  [jvm.dll+0x1cacfe]
V  [jvm.dll+0x25a629]
V  [jvm.dll+0x258bb5]
V  [jvm.dll+0x3f4da1]
V  [jvm.dll+0x80a83d]
V  [jvm.dll+0x6cf3fd]
C  [ucrtbase.dll+0x2cd30]
C  [KERNEL32.DLL+0x2cd87]
C  [ntdll.dll+0xacaec]


---------------  P R O C E S S  ---------------

Threads class SMR info:
_java_thread_list=0x000002292f4a8ae0, length=70, elements={
0x00000229648a9d70, 0x000002297eb3ec40, 0x000002297eb415d0, 0x000002297eb45760,
0x000002297eb48660, 0x000002297eb49de0, 0x000002297eb53570, 0x000002297eb5c3c0,
0x000002297eb613b0, 0x000002297edea8d0, 0x000002297eec54f0, 0x000002292456cc90,
0x0000022924524880, 0x00000229233e2e50, 0x00000229248fa8d0, 0x00000229248fb5f0,
0x00000229248f8170, 0x0000022924d4a580, 0x0000022924d491d0, 0x0000022924d49860,
0x0000022924d49ef0, 0x000002297ed35e90, 0x0000022926d46e10, 0x0000022926d48ee0,
0x0000022927886750, 0x0000022928d5c710, 0x00000229248fa240, 0x00000229248f8800,
0x000002292fbe1f10, 0x000002292fbe11f0, 0x000002292fbe25a0, 0x000002292fbdf7b0,
0x000002292fbe04d0, 0x000002292fbdf120, 0x000002292fbe3fe0, 0x000002292fbe0b60,
0x000002292fbe4670, 0x000002292fbe2c30, 0x000002292fbe32c0, 0x000002292fbe3950,
0x000002292fbe4d00, 0x000002292fbe1880, 0x000002292fbe5390, 0x000002292fbe7af0,
0x000002292fbe8180, 0x000002292fbe6740, 0x000002292fbe6dd0, 0x000002292fbe9530,
0x000002292fbe8810, 0x000002292fbe9bc0, 0x000002292fbe8ea0, 0x000002292fbea250,
0x000002292fbe7460, 0x000002292fbedd60, 0x000002292fbed040, 0x000002292fbee3f0,
0x000002292fbec9b0, 0x000002292fbeaf70, 0x000002292fbebc90, 0x000002292fbec320,
0x0000022931079e50, 0x0000022931077d80, 0x0000022924d4edb0, 0x0000022924d4bfc0,
0x0000022924d4fad0, 0x000002292e49d250, 0x000002292e49ec90, 0x000002292e49df70,
0x000002292e49f320, 0x000002292e49f9b0
}

Java Threads: ( => current thread )
  0x00000229648a9d70 JavaThread "main"                              [_thread_blocked, id=12376, stack(0x0000004244a00000,0x0000004244b00000) (1024K)]
  0x000002297eb3ec40 JavaThread "Reference Handler"          daemon [_thread_blocked, id=68908, stack(0x0000004245200000,0x0000004245300000) (1024K)]
  0x000002297eb415d0 JavaThread "Finalizer"                  daemon [_thread_blocked, id=70204, stack(0x0000004245300000,0x0000004245400000) (1024K)]
  0x000002297eb45760 JavaThread "Signal Dispatcher"          daemon [_thread_blocked, id=15164, stack(0x0000004245400000,0x0000004245500000) (1024K)]
  0x000002297eb48660 JavaThread "Attach Listener"            daemon [_thread_blocked, id=68640, stack(0x0000004245500000,0x0000004245600000) (1024K)]
  0x000002297eb49de0 JavaThread "Service Thread"             daemon [_thread_blocked, id=49348, stack(0x0000004245600000,0x0000004245700000) (1024K)]
  0x000002297eb53570 JavaThread "Monitor Deflation Thread"   daemon [_thread_blocked, id=3004, stack(0x0000004245700000,0x0000004245800000) (1024K)]
=>0x000002297eb5c3c0 JavaThread "C2 CompilerThread0"         daemon [_thread_in_native, id=42636, stack(0x0000004245800000,0x0000004245900000) (1024K)]
  0x000002297eb613b0 JavaThread "C1 CompilerThread0"         daemon [_thread_blocked, id=39224, stack(0x0000004245900000,0x0000004245a00000) (1024K)]
  0x000002297edea8d0 JavaThread "Common-Cleaner"             daemon [_thread_blocked, id=70816, stack(0x0000004245a00000,0x0000004245b00000) (1024K)]
  0x000002297eec54f0 JavaThread "Notification Thread"        daemon [_thread_blocked, id=6188, stack(0x0000004245b00000,0x0000004245c00000) (1024K)]
  0x000002292456cc90 JavaThread "Daemon health stats"               [_thread_blocked, id=70892, stack(0x0000004246000000,0x0000004246100000) (1024K)]
  0x0000022924524880 JavaThread "Incoming local TCP Connector on port 56093"        [_thread_in_native, id=3156, stack(0x0000004246100000,0x0000004246200000) (1024K)]
  0x00000229233e2e50 JavaThread "Daemon periodic checks"            [_thread_blocked, id=47676, stack(0x0000004246200000,0x0000004246300000) (1024K)]
  0x00000229248fa8d0 JavaThread "Cache worker for journal cache (C:\Users\User\.gradle\caches\journal-1)"        [_thread_blocked, id=68948, stack(0x0000004246a00000,0x0000004246b00000) (1024K)]
  0x00000229248fb5f0 JavaThread "File lock request listener"        [_thread_in_native, id=66456, stack(0x0000004246b00000,0x0000004246c00000) (1024K)]
  0x00000229248f8170 JavaThread "Cache worker for file hash cache (C:\Users\User\.gradle\caches\9.4.1\fileHashes)"        [_thread_blocked, id=18220, stack(0x0000004246c00000,0x0000004246d00000) (1024K)]
  0x0000022924d4a580 JavaThread "File watcher server"        daemon [_thread_in_native, id=29672, stack(0x0000004246f00000,0x0000004247000000) (1024K)]
  0x0000022924d491d0 JavaThread "File watcher consumer"      daemon [_thread_blocked, id=52896, stack(0x0000004247000000,0x0000004247100000) (1024K)]
  0x0000022924d49860 JavaThread "Cache worker for file content cache (C:\Users\User\.gradle\caches\9.4.1\fileContent)"        [_thread_blocked, id=1596, stack(0x0000004247100000,0x0000004247200000) (1024K)]
  0x0000022924d49ef0 JavaThread "jar transforms"                    [_thread_blocked, id=32696, stack(0x0000004247500000,0x0000004247600000) (1024K)]
  0x000002297ed35e90 JavaThread "Memory manager"                    [_thread_blocked, id=70672, stack(0x0000004247800000,0x0000004247900000) (1024K)]
  0x0000022926d46e10 JavaThread "jar transforms Thread 2"           [_thread_blocked, id=58344, stack(0x0000004247c00000,0x0000004247d00000) (1024K)]
  0x0000022926d48ee0 JavaThread "jar transforms Thread 3"           [_thread_blocked, id=41700, stack(0x0000004248900000,0x0000004248a00000) (1024K)]
  0x0000022927886750 JavaThread "jar transforms Thread 4"           [_thread_blocked, id=2280, stack(0x0000004248a00000,0x0000004248b00000) (1024K)]
  0x0000022928d5c710 JavaThread "Cache worker for Java compile cache (C:\Users\User\.gradle\caches\9.4.1\javaCompile)"        [_thread_blocked, id=64868, stack(0x0000004249200000,0x0000004249300000) (1024K)]
  0x00000229248fa240 JavaThread "Daemon Thread 3"                   [_thread_blocked, id=13836, stack(0x0000004244700000,0x0000004244800000) (1024K)]
  0x00000229248f8800 JavaThread "Handler for socket connection from /127.0.0.1:56093 to /127.0.0.1:54218"        [_thread_in_native, id=71808, stack(0x0000004244800000,0x0000004244900000) (1024K)]
  0x000002292fbe1f10 JavaThread "Cancel handler"                    [_thread_blocked, id=19280, stack(0x0000004244900000,0x0000004244a00000) (1024K)]
  0x000002292fbe11f0 JavaThread "Daemon worker Thread 3"            [_thread_blocked, id=61044, stack(0x0000004245c00000,0x0000004245d00000) (1024K)]
  0x000002292fbe25a0 JavaThread "Asynchronous log dispatcher for DefaultDaemonConnection: socket connection from /127.0.0.1:56093 to /127.0.0.1:54218"        [_thread_blocked, id=32972, stack(0x0000004246300000,0x0000004246400000) (1024K)]
  0x000002292fbdf7b0 JavaThread "Stdin handler"                     [_thread_blocked, id=38244, stack(0x0000004246400000,0x0000004246500000) (1024K)]
  0x000002292fbe04d0 JavaThread "Daemon client event forwarder"        [_thread_blocked, id=72384, stack(0x0000004246500000,0x0000004246600000) (1024K)]
  0x000002292fbdf120 JavaThread "Cache worker for file hash cache (C:\Users\User\Documents\mobile-pos\android\.gradle\9.4.1\fileHashes)"        [_thread_blocked, id=72120, stack(0x0000004246600000,0x0000004246700000) (1024K)]
  0x000002292fbe3fe0 JavaThread "Cache worker for Build Output Cleanup Cache (C:\Users\User\Documents\mobile-pos\android\.gradle\buildOutputCleanup)"        [_thread_blocked, id=71944, stack(0x0000004246700000,0x0000004246800000) (1024K)]
  0x000002292fbe0b60 JavaThread "Cache worker for checksums cache (C:\Users\User\Documents\mobile-pos\android\.gradle\9.4.1\checksums)"        [_thread_blocked, id=33720, stack(0x0000004246800000,0x0000004246900000) (1024K)]
  0x000002292fbe4670 JavaThread "Cache worker for cache directory md-supplier (C:\Users\User\.gradle\caches\9.4.1\md-supplier)"        [_thread_blocked, id=66008, stack(0x0000004246900000,0x0000004246a00000) (1024K)]
  0x000002292fbe2c30 JavaThread "Cache worker for cache directory md-rule (C:\Users\User\.gradle\caches\9.4.1\md-rule)"        [_thread_blocked, id=72216, stack(0x0000004246d00000,0x0000004246e00000) (1024K)]
  0x000002292fbe32c0 JavaThread "Cache worker for Build Output Cleanup Cache (C:\Users\User\Documents\mobile-pos\node_modules\@react-native\gradle-plugin\.gradle\buildOutputCleanup)"        [_thread_blocked, id=22408, stack(0x0000004246e00000,0x0000004246f00000) (1024K)]
  0x000002292fbe3950 JavaThread "Build operations"                  [_thread_blocked, id=66728, stack(0x0000004247200000,0x0000004247300000) (1024K)]
  0x000002292fbe4d00 JavaThread "Build operations Thread 2"         [_thread_blocked, id=72624, stack(0x0000004247300000,0x0000004247400000) (1024K)]
  0x000002292fbe1880 JavaThread "Build operations Thread 3"         [_thread_blocked, id=20100, stack(0x0000004247400000,0x0000004247500000) (1024K)]
  0x000002292fbe5390 JavaThread "Build operations Thread 4"         [_thread_blocked, id=7280, stack(0x0000004247600000,0x0000004247700000) (1024K)]
  0x000002292fbe7af0 JavaThread "build event listener"              [_thread_blocked, id=72268, stack(0x0000004247900000,0x0000004247a00000) (1024K)]
  0x000002292fbe8180 JavaThread "ForkJoinPool.commonPool-worker-11" daemon [_thread_blocked, id=72656, stack(0x0000004247a00000,0x0000004247b00000) (1024K)]
  0x000002292fbe6740 JavaThread "ForkJoinPool.commonPool-worker-12" daemon [_thread_blocked, id=56108, stack(0x0000004247b00000,0x0000004247c00000) (1024K)]
  0x000002292fbe6dd0 JavaThread "ForkJoinPool.commonPool-worker-13" daemon [_thread_blocked, id=17968, stack(0x0000004247d00000,0x0000004247e00000) (1024K)]
  0x000002292fbe9530 JavaThread "included builds"                   [_thread_blocked, id=70468, stack(0x0000004247e00000,0x0000004247f00000) (1024K)]
  0x000002292fbe8810 JavaThread "Execution worker"                  [_thread_blocked, id=20500, stack(0x0000004247f00000,0x0000004248000000) (1024K)]
  0x000002292fbe9bc0 JavaThread "Execution worker Thread 2"         [_thread_blocked, id=69180, stack(0x0000004248000000,0x0000004248100000) (1024K)]
  0x000002292fbe8ea0 JavaThread "Execution worker Thread 3"         [_thread_in_native, id=13776, stack(0x0000004248100000,0x0000004248200000) (1024K)]
  0x000002292fbea250 JavaThread "Cache worker for execution history cache (C:\Users\User\Documents\mobile-pos\node_modules\@react-native\gradle-plugin\.gradle\9.4.1\executionHistory)"        [_thread_blocked, id=59444, stack(0x0000004248200000,0x0000004248300000) (1024K)]
  0x000002292fbe7460 JavaThread "build event listener"              [_thread_blocked, id=11292, stack(0x0000004248300000,0x0000004248400000) (1024K)]
  0x000002292fbedd60 JavaThread "Problems report writer"            [_thread_blocked, id=71420, stack(0x0000004248400000,0x0000004248500000) (1024K)]
  0x000002292fbed040 JavaThread "Exec process Thread 13"            [_thread_blocked, id=65064, stack(0x0000004248500000,0x0000004248600000) (1024K)]
  0x000002292fbee3f0 JavaThread "Exec process Thread 14"            [_thread_blocked, id=46996, stack(0x0000004248600000,0x0000004248700000) (1024K)]
  0x000002292fbec9b0 JavaThread "Exec process Thread 15"            [_thread_blocked, id=43864, stack(0x0000004248700000,0x0000004248800000) (1024K)]
  0x000002292fbeaf70 JavaThread "Cache worker for execution history cache (C:\Users\User\Documents\mobile-pos\android\.gradle\9.4.1\executionHistory)"        [_thread_blocked, id=32616, stack(0x0000004248800000,0x0000004248900000) (1024K)]
  0x000002292fbebc90 JavaThread "WorkerExecutor Queue"              [_thread_blocked, id=20516, stack(0x0000004248c00000,0x0000004248d00000) (1024K)]
  0x000002292fbec320 JavaThread "WorkerExecutor Queue Thread 2"        [_thread_in_native, id=33944, stack(0x0000004248d00000,0x0000004248e00000) (1024K)]
  0x0000022931079e50 JavaThread "WorkerExecutor Queue Thread 3"        [_thread_in_native, id=15580, stack(0x0000004248e00000,0x0000004248f00000) (1024K)]
  0x0000022931077d80 JavaThread "WorkerExecutor Queue Thread 4"        [_thread_blocked, id=37448, stack(0x0000004248f00000,0x0000004249000000) (1024K)]
  0x0000022924d4edb0 JavaThread "RMI Scheduler(0)"           daemon [_thread_blocked, id=72080, stack(0x0000004248b00000,0x0000004248c00000) (1024K)]
  0x0000022924d4bfc0 JavaThread "RMI RenewClean-[127.0.0.1:17956,org.jetbrains.kotlin.daemon.common.LoopbackNetworkInterface$ClientLoopbackSocketFactory@c86332c]" daemon [_thread_blocked, id=72100, stack(0x0000004249000000,0x0000004249100000) (1024K)]
  0x0000022924d4fad0 JavaThread "RMI GC Daemon"              daemon [_thread_blocked, id=72588, stack(0x0000004249100000,0x0000004249200000) (1024K)]
  0x000002292e49d250 JavaThread "RMI RenewClean-[127.0.0.1:17956,org.jetbrains.kotlin.daemon.common.LoopbackNetworkInterface$ClientLoopbackSocketFactory@607dc0c6]" daemon [_thread_blocked, id=25388, stack(0x0000004249400000,0x0000004249500000) (1024K)]
  0x000002292e49ec90 JavaThread "RMI TCP Accept-0"           daemon [_thread_in_native, id=22272, stack(0x0000004249500000,0x0000004249600000) (1024K)]
  0x000002292e49df70 JavaThread "RMI Reaper"                        [_thread_blocked, id=22968, stack(0x0000004249600000,0x0000004249700000) (1024K)]
  0x000002292e49f320 JavaThread "RMI TCP Connection(1)-127.0.0.1" daemon [_thread_in_native, id=14236, stack(0x0000004249700000,0x0000004249800000) (1024K)]
  0x000002292e49f9b0 JavaThread "RMI TCP Connection(2)-127.0.0.1" daemon [_thread_in_native, id=72380, stack(0x0000004249800000,0x0000004249900000) (1024K)]
Total: 70

Other Threads:
  0x000002297eb253b0 VMThread "VM Thread"                           [id=23004, stack(0x0000004245100000,0x0000004245200000) (1024K)]
  0x000002297eb14980 WatcherThread "VM Periodic Task Thread"        [id=69020, stack(0x0000004245000000,0x0000004245100000) (1024K)]
  0x00000229669f7bc0 WorkerThread "GC Thread#0"                     [id=25736, stack(0x0000004244b00000,0x0000004244c00000) (1024K)]
  0x000002297f44f790 WorkerThread "GC Thread#1"                     [id=71076, stack(0x0000004245d00000,0x0000004245e00000) (1024K)]
  0x000002297f23fea0 WorkerThread "GC Thread#2"                     [id=33628, stack(0x0000004245e00000,0x0000004245f00000) (1024K)]
  0x000002297f240250 WorkerThread "GC Thread#3"                     [id=19740, stack(0x0000004245f00000,0x0000004246000000) (1024K)]
  0x0000022966a08d00 ConcurrentGCThread "G1 Main Marker"            [id=27048, stack(0x0000004244c00000,0x0000004244d00000) (1024K)]
  0x0000022966a09ec0 WorkerThread "G1 Conc#0"                       [id=69108, stack(0x0000004244d00000,0x0000004244e00000) (1024K)]
  0x000002297ea68a50 ConcurrentGCThread "G1 Refine#0"               [id=15792, stack(0x0000004244e00000,0x0000004244f00000) (1024K)]
  0x000002297ea694e0 ConcurrentGCThread "G1 Service"                [id=67988, stack(0x0000004244f00000,0x0000004245000000) (1024K)]
Total: 10

Threads with active compile tasks:
C2 CompilerThread0  2450458 33694       4       jdk.nio.zipfs.ZipFileSystem::initCEN (473 bytes)
Total: 1

VM state: not at safepoint (normal execution)

VM Mutex/Monitor currently owned by a thread: None

Heap address: 0x0000000080000000, size: 2048 MB, Compressed Oops mode: 32-bit

CDS archive(s) mapped at: [0x0000022904000000-0x0000022904c90000-0x0000022904c90000), size 13172736, SharedBaseAddress: 0x0000022904000000, ArchiveRelocationMode: 1.
Compressed class space mapped at: 0x0000022905000000-0x000002291f000000, reserved size: 436207616
Narrow klass base: 0x0000022904000000, Narrow klass shift: 0, Narrow klass range: 0x100000000

GC Precious Log:
 CardTable entry size: 512
 Card Set container configuration: InlinePtr #cards 5 size 8 Array Of Cards #cards 12 size 40 Howl #buckets 4 coarsen threshold 1843 Howl Bitmap #cards 512 size 80 coarsen threshold 460 Card regions per heap region 1 cards per card region 2048
 CPUs: 4 total, 4 available
 Memory: 16264M
 Large Page Support: Disabled
 NUMA Support: Disabled
 Compressed Oops: Enabled (32-bit)
 Heap Region Size: 1M
 Heap Min Capacity: 8M
 Heap Initial Capacity: 256M
 Heap Max Capacity: 2G
 Pre-touch: Disabled
 Parallel Workers: 4
 Concurrent Workers: 1
 Concurrent Refinement Workers: 4
 Periodic GC: Disabled

Heap:
 garbage-first heap   total 622592K, used 487936K [0x0000000080000000, 0x0000000100000000)
  region size 1024K, 158 young (161792K), 3 survivors (3072K)
 Metaspace       used 152605K, committed 155328K, reserved 622592K
  class space    used 19837K, committed 21376K, reserved 425984K

Heap Regions: E=young(eden), S=young(survivor), O=old, HS=humongous(starts), HC=humongous(continues), CS=collection set, F=free, TAMS=top-at-mark-start, PB=parsable bottom
|   0|0x0000000080000000, 0x0000000080100000, 0x0000000080100000|100%| O|  |TAMS 0x0000000080000000| PB 0x0000000080000000| Untracked 
|   1|0x0000000080100000, 0x0000000080200000, 0x0000000080200000|100%|HS|  |TAMS 0x0000000080100000| PB 0x0000000080100000| Complete 
|   2|0x0000000080200000, 0x0000000080300000, 0x0000000080300000|100%|HC|  |TAMS 0x0000000080200000| PB 0x0000000080200000| Complete 
|   3|0x0000000080300000, 0x0000000080400000, 0x0000000080400000|100%|HC|  |TAMS 0x0000000080300000| PB 0x0000000080300000| Complete 
|   4|0x0000000080400000, 0x0000000080500000, 0x0000000080500000|100%|HC|  |TAMS 0x0000000080400000| PB 0x0000000080400000| Complete 
|   5|0x0000000080500000, 0x0000000080600000, 0x0000000080600000|100%| O|  |TAMS 0x0000000080500000| PB 0x0000000080500000| Untracked 
|   6|0x0000000080600000, 0x0000000080700000, 0x0000000080700000|100%| O|  |TAMS 0x0000000080600000| PB 0x0000000080600000| Untracked 
|   7|0x0000000080700000, 0x0000000080800000, 0x0000000080800000|100%| O|  |TAMS 0x0000000080700000| PB 0x0000000080700000| Untracked 
|   8|0x0000000080800000, 0x0000000080900000, 0x0000000080900000|100%| O|  |TAMS 0x0000000080800000| PB 0x0000000080800000| Untracked 
|   9|0x0000000080900000, 0x0000000080a00000, 0x0000000080a00000|100%|HS|  |TAMS 0x0000000080900000| PB 0x0000000080900000| Complete 
|  10|0x0000000080a00000, 0x0000000080b00000, 0x0000000080b00000|100%| O|  |TAMS 0x0000000080a00000| PB 0x0000000080a00000| Untracked 
|  11|0x0000000080b00000, 0x0000000080c00000, 0x0000000080c00000|100%| O|  |TAMS 0x0000000080b00000| PB 0x0000000080b00000| Untracked 
|  12|0x0000000080c00000, 0x0000000080d00000, 0x0000000080d00000|100%| O|  |TAMS 0x0000000080c00000| PB 0x0000000080c00000| Untracked 
|  13|0x0000000080d00000, 0x0000000080e00000, 0x0000000080e00000|100%| O|  |TAMS 0x0000000080d00000| PB 0x0000000080d00000| Untracked 
|  14|0x0000000080e00000, 0x0000000080f00000, 0x0000000080f00000|100%| O|  |TAMS 0x0000000080e00000| PB 0x0000000080e00000| Untracked 
|  15|0x0000000080f00000, 0x0000000081000000, 0x0000000081000000|100%| O|  |TAMS 0x0000000080f00000| PB 0x0000000080f00000| Untracked 
|  16|0x0000000081000000, 0x0000000081100000, 0x0000000081100000|100%| O|  |TAMS 0x0000000081000000| PB 0x0000000081000000| Untracked 
|  17|0x0000000081100000, 0x0000000081200000, 0x0000000081200000|100%| O|  |TAMS 0x0000000081100000| PB 0x0000000081100000| Untracked 
|  18|0x0000000081200000, 0x0000000081300000, 0x0000000081300000|100%| O|  |TAMS 0x0000000081200000| PB 0x0000000081200000| Untracked 
|  19|0x0000000081300000, 0x0000000081400000, 0x0000000081400000|100%| O|  |TAMS 0x0000000081300000| PB 0x0000000081300000| Untracked 
|  20|0x0000000081400000, 0x0000000081500000, 0x0000000081500000|100%| O|  |TAMS 0x0000000081400000| PB 0x0000000081400000| Untracked 
|  21|0x0000000081500000, 0x0000000081600000, 0x0000000081600000|100%| O|  |TAMS 0x0000000081500000| PB 0x0000000081500000| Untracked 
|  22|0x0000000081600000, 0x0000000081700000, 0x0000000081700000|100%| O|  |TAMS 0x0000000081600000| PB 0x0000000081600000| Untracked 
|  23|0x0000000081700000, 0x0000000081800000, 0x0000000081800000|100%| O|  |TAMS 0x0000000081700000| PB 0x0000000081700000| Untracked 
|  24|0x0000000081800000, 0x0000000081900000, 0x0000000081900000|100%| O|  |TAMS 0x0000000081800000| PB 0x0000000081800000| Untracked 
|  25|0x0000000081900000, 0x0000000081a00000, 0x0000000081a00000|100%| O|  |TAMS 0x0000000081900000| PB 0x0000000081900000| Untracked 
|  26|0x0000000081a00000, 0x0000000081b00000, 0x0000000081b00000|100%| O|  |TAMS 0x0000000081a00000| PB 0x0000000081a00000| Untracked 
|  27|0x0000000081b00000, 0x0000000081c00000, 0x0000000081c00000|100%| O|  |TAMS 0x0000000081b00000| PB 0x0000000081b00000| Untracked 
|  28|0x0000000081c00000, 0x0000000081d00000, 0x0000000081d00000|100%| O|  |TAMS 0x0000000081c00000| PB 0x0000000081c00000| Untracked 
|  29|0x0000000081d00000, 0x0000000081e00000, 0x0000000081e00000|100%| O|  |TAMS 0x0000000081d00000| PB 0x0000000081d00000| Untracked 
|  30|0x0000000081e00000, 0x0000000081f00000, 0x0000000081f00000|100%| O|  |TAMS 0x0000000081e00000| PB 0x0000000081e00000| Untracked 
|  31|0x0000000081f00000, 0x0000000082000000, 0x0000000082000000|100%| O|  |TAMS 0x0000000081f00000| PB 0x0000000081f00000| Untracked 
|  32|0x0000000082000000, 0x0000000082100000, 0x0000000082100000|100%| O|  |TAMS 0x0000000082000000| PB 0x0000000082000000| Untracked 
|  33|0x0000000082100000, 0x0000000082200000, 0x0000000082200000|100%| O|  |TAMS 0x0000000082100000| PB 0x0000000082100000| Untracked 
|  34|0x0000000082200000, 0x0000000082300000, 0x0000000082300000|100%| O|  |TAMS 0x0000000082200000| PB 0x0000000082200000| Untracked 
|  35|0x0000000082300000, 0x0000000082400000, 0x0000000082400000|100%| O|  |TAMS 0x0000000082300000| PB 0x0000000082300000| Untracked 
|  36|0x0000000082400000, 0x0000000082500000, 0x0000000082500000|100%| O|  |TAMS 0x0000000082400000| PB 0x0000000082400000| Untracked 
|  37|0x0000000082500000, 0x0000000082600000, 0x0000000082600000|100%| O|  |TAMS 0x0000000082500000| PB 0x0000000082500000| Untracked 
|  38|0x0000000082600000, 0x0000000082700000, 0x0000000082700000|100%| O|  |TAMS 0x0000000082600000| PB 0x0000000082600000| Untracked 
|  39|0x0000000082700000, 0x0000000082800000, 0x0000000082800000|100%| O|  |TAMS 0x0000000082700000| PB 0x0000000082700000| Untracked 
|  40|0x0000000082800000, 0x0000000082900000, 0x0000000082900000|100%|HS|  |TAMS 0x0000000082800000| PB 0x0000000082800000| Complete 
|  41|0x0000000082900000, 0x0000000082a00000, 0x0000000082a00000|100%|HC|  |TAMS 0x0000000082900000| PB 0x0000000082900000| Complete 
|  42|0x0000000082a00000, 0x0000000082b00000, 0x0000000082b00000|100%| O|  |TAMS 0x0000000082a00000| PB 0x0000000082a00000| Untracked 
|  43|0x0000000082b00000, 0x0000000082c00000, 0x0000000082c00000|100%| O|  |TAMS 0x0000000082b00000| PB 0x0000000082b00000| Untracked 
|  44|0x0000000082c00000, 0x0000000082d00000, 0x0000000082d00000|100%| O|  |TAMS 0x0000000082c00000| PB 0x0000000082c00000| Untracked 
|  45|0x0000000082d00000, 0x0000000082e00000, 0x0000000082e00000|100%| O|  |TAMS 0x0000000082d00000| PB 0x0000000082d00000| Untracked 
|  46|0x0000000082e00000, 0x0000000082f00000, 0x0000000082f00000|100%| O|  |TAMS 0x0000000082e00000| PB 0x0000000082e00000| Untracked 
|  47|0x0000000082f00000, 0x0000000083000000, 0x0000000083000000|100%| O|  |TAMS 0x0000000082f00000| PB 0x0000000082f00000| Untracked 
|  48|0x0000000083000000, 0x0000000083100000, 0x0000000083100000|100%|HS|  |TAMS 0x0000000083000000| PB 0x0000000083000000| Complete 
|  49|0x0000000083100000, 0x0000000083200000, 0x0000000083200000|100%|HC|  |TAMS 0x0000000083100000| PB 0x0000000083100000| Complete 
|  50|0x0000000083200000, 0x0000000083300000, 0x0000000083300000|100%| O|  |TAMS 0x0000000083200000| PB 0x0000000083200000| Untracked 
|  51|0x0000000083300000, 0x0000000083400000, 0x0000000083400000|100%| O|  |TAMS 0x0000000083300000| PB 0x0000000083300000| Untracked 
|  52|0x0000000083400000, 0x0000000083500000, 0x0000000083500000|100%| O|  |TAMS 0x0000000083400000| PB 0x0000000083400000| Untracked 
|  53|0x0000000083500000, 0x0000000083600000, 0x0000000083600000|100%| O|  |TAMS 0x0000000083500000| PB 0x0000000083500000| Untracked 
|  54|0x0000000083600000, 0x0000000083700000, 0x0000000083700000|100%| O|  |TAMS 0x0000000083600000| PB 0x0000000083600000| Untracked 
|  55|0x0000000083700000, 0x0000000083800000, 0x0000000083800000|100%| O|Cm|TAMS 0x0000000083700000| PB 0x0000000083700000| Complete 
|  56|0x0000000083800000, 0x0000000083900000, 0x0000000083900000|100%| O|  |TAMS 0x0000000083800000| PB 0x0000000083800000| Untracked 
|  57|0x0000000083900000, 0x0000000083a00000, 0x0000000083a00000|100%| O|Cm|TAMS 0x0000000083900000| PB 0x0000000083900000| Complete 
|  58|0x0000000083a00000, 0x0000000083b00000, 0x0000000083b00000|100%| O|Cm|TAMS 0x0000000083a00000| PB 0x0000000083a00000| Complete 
|  59|0x0000000083b00000, 0x0000000083c00000, 0x0000000083c00000|100%| O|  |TAMS 0x0000000083b00000| PB 0x0000000083b00000| Untracked 
|  60|0x0000000083c00000, 0x0000000083d00000, 0x0000000083d00000|100%| O|  |TAMS 0x0000000083c00000| PB 0x0000000083c00000| Untracked 
|  61|0x0000000083d00000, 0x0000000083e00000, 0x0000000083e00000|100%| O|  |TAMS 0x0000000083d00000| PB 0x0000000083d00000| Untracked 
|  62|0x0000000083e00000, 0x0000000083f00000, 0x0000000083f00000|100%| O|  |TAMS 0x0000000083e00000| PB 0x0000000083e00000| Untracked 
|  63|0x0000000083f00000, 0x0000000084000000, 0x0000000084000000|100%| O|Cm|TAMS 0x0000000083f00000| PB 0x0000000083f00000| Complete 
|  64|0x0000000084000000, 0x0000000084100000, 0x0000000084100000|100%| O|  |TAMS 0x0000000084000000| PB 0x0000000084000000| Untracked 
|  65|0x0000000084100000, 0x0000000084200000, 0x0000000084200000|100%| O|  |TAMS 0x0000000084100000| PB 0x0000000084100000| Untracked 
|  66|0x0000000084200000, 0x0000000084200000, 0x0000000084300000|  0%| F|  |TAMS 0x0000000084200000| PB 0x0000000084200000| Untracked 
|  67|0x0000000084300000, 0x0000000084400000, 0x0000000084400000|100%| O|  |TAMS 0x0000000084300000| PB 0x0000000084300000| Untracked 
|  68|0x0000000084400000, 0x0000000084500000, 0x0000000084500000|100%|HS|  |TAMS 0x0000000084400000| PB 0x0000000084400000| Complete 
|  69|0x0000000084500000, 0x0000000084600000, 0x0000000084600000|100%|HC|  |TAMS 0x0000000084500000| PB 0x0000000084500000| Complete 
|  70|0x0000000084600000, 0x0000000084700000, 0x0000000084700000|100%| O|  |TAMS 0x0000000084600000| PB 0x0000000084600000| Untracked 
|  71|0x0000000084700000, 0x0000000084800000, 0x0000000084800000|100%|HS|  |TAMS 0x0000000084700000| PB 0x0000000084700000| Complete 
|  72|0x0000000084800000, 0x0000000084900000, 0x0000000084900000|100%|HC|  |TAMS 0x0000000084800000| PB 0x0000000084800000| Complete 
|  73|0x0000000084900000, 0x0000000084a00000, 0x0000000084a00000|100%| O|Cm|TAMS 0x0000000084900000| PB 0x0000000084900000| Complete 
|  74|0x0000000084a00000, 0x0000000084b00000, 0x0000000084b00000|100%| O|Cm|TAMS 0x0000000084a00000| PB 0x0000000084a00000| Complete 
|  75|0x0000000084b00000, 0x0000000084c00000, 0x0000000084c00000|100%| O|  |TAMS 0x0000000084b00000| PB 0x0000000084b00000| Untracked 
|  76|0x0000000084c00000, 0x0000000084d00000, 0x0000000084d00000|100%| O|  |TAMS 0x0000000084c00000| PB 0x0000000084c00000| Untracked 
|  77|0x0000000084d00000, 0x0000000084e00000, 0x0000000084e00000|100%|HS|  |TAMS 0x0000000084d00000| PB 0x0000000084d00000| Complete 
|  78|0x0000000084e00000, 0x0000000084f00000, 0x0000000084f00000|100%|HS|  |TAMS 0x0000000084e00000| PB 0x0000000084e00000| Complete 
|  79|0x0000000084f00000, 0x0000000085000000, 0x0000000085000000|100%|HC|  |TAMS 0x0000000084f00000| PB 0x0000000084f00000| Complete 
|  80|0x0000000085000000, 0x0000000085100000, 0x0000000085100000|100%|HS|  |TAMS 0x0000000085000000| PB 0x0000000085000000| Complete 
|  81|0x0000000085100000, 0x0000000085200000, 0x0000000085200000|100%|HS|  |TAMS 0x0000000085100000| PB 0x0000000085100000| Complete 
|  82|0x0000000085200000, 0x0000000085300000, 0x0000000085300000|100%|HS|  |TAMS 0x0000000085200000| PB 0x0000000085200000| Complete 
|  83|0x0000000085300000, 0x0000000085400000, 0x0000000085400000|100%| O|  |TAMS 0x0000000085300000| PB 0x0000000085300000| Untracked 
|  84|0x0000000085400000, 0x0000000085500000, 0x0000000085500000|100%|HS|  |TAMS 0x0000000085400000| PB 0x0000000085400000| Complete 
|  85|0x0000000085500000, 0x0000000085600000, 0x0000000085600000|100%|HS|  |TAMS 0x0000000085500000| PB 0x0000000085500000| Complete 
|  86|0x0000000085600000, 0x0000000085700000, 0x0000000085700000|100%| O|  |TAMS 0x0000000085600000| PB 0x0000000085600000| Untracked 
|  87|0x0000000085700000, 0x0000000085800000, 0x0000000085800000|100%| O|  |TAMS 0x0000000085700000| PB 0x0000000085700000| Untracked 
|  88|0x0000000085800000, 0x0000000085900000, 0x0000000085900000|100%|HS|  |TAMS 0x0000000085800000| PB 0x0000000085800000| Complete 
|  89|0x0000000085900000, 0x0000000085a00000, 0x0000000085a00000|100%| O|  |TAMS 0x0000000085900000| PB 0x0000000085900000| Untracked 
|  90|0x0000000085a00000, 0x0000000085b00000, 0x0000000085b00000|100%| O|  |TAMS 0x0000000085a00000| PB 0x0000000085a00000| Untracked 
|  91|0x0000000085b00000, 0x0000000085c00000, 0x0000000085c00000|100%| O|  |TAMS 0x0000000085b00000| PB 0x0000000085b00000| Untracked 
|  92|0x0000000085c00000, 0x0000000085d00000, 0x0000000085d00000|100%| O|  |TAMS 0x0000000085c00000| PB 0x0000000085c00000| Untracked 
|  93|0x0000000085d00000, 0x0000000085e00000, 0x0000000085e00000|100%| O|  |TAMS 0x0000000085d00000| PB 0x0000000085d00000| Untracked 
|  94|0x0000000085e00000, 0x0000000085f00000, 0x0000000085f00000|100%| O|  |TAMS 0x0000000085e00000| PB 0x0000000085e00000| Untracked 
|  95|0x0000000085f00000, 0x0000000086000000, 0x0000000086000000|100%| O|  |TAMS 0x0000000085f00000| PB 0x0000000085f00000| Untracked 
|  96|0x0000000086000000, 0x0000000086100000, 0x0000000086100000|100%| O|  |TAMS 0x0000000086000000| PB 0x0000000086000000| Untracked 
|  97|0x0000000086100000, 0x0000000086200000, 0x0000000086200000|100%| O|  |TAMS 0x0000000086100000| PB 0x0000000086100000| Untracked 
|  98|0x0000000086200000, 0x0000000086300000, 0x0000000086300000|100%| O|  |TAMS 0x0000000086200000| PB 0x0000000086200000| Untracked 
|  99|0x0000000086300000, 0x0000000086400000, 0x0000000086400000|100%| O|  |TAMS 0x0000000086300000| PB 0x0000000086300000| Untracked 
| 100|0x0000000086400000, 0x0000000086500000, 0x0000000086500000|100%| O|  |TAMS 0x0000000086400000| PB 0x0000000086400000| Untracked 
| 101|0x0000000086500000, 0x0000000086600000, 0x0000000086600000|100%| O|  |TAMS 0x0000000086500000| PB 0x0000000086500000| Untracked 
| 102|0x0000000086600000, 0x0000000086700000, 0x0000000086700000|100%| O|  |TAMS 0x0000000086600000| PB 0x0000000086600000| Untracked 
| 103|0x0000000086700000, 0x0000000086800000, 0x0000000086800000|100%| O|  |TAMS 0x0000000086700000| PB 0x0000000086700000| Untracked 
| 104|0x0000000086800000, 0x0000000086900000, 0x0000000086900000|100%| O|  |TAMS 0x0000000086800000| PB 0x0000000086800000| Untracked 
| 105|0x0000000086900000, 0x0000000086a00000, 0x0000000086a00000|100%| O|  |TAMS 0x0000000086900000| PB 0x0000000086900000| Untracked 
| 106|0x0000000086a00000, 0x0000000086b00000, 0x0000000086b00000|100%| O|  |TAMS 0x0000000086a00000| PB 0x0000000086a00000| Untracked 
| 107|0x0000000086b00000, 0x0000000086c00000, 0x0000000086c00000|100%| O|  |TAMS 0x0000000086b00000| PB 0x0000000086b00000| Untracked 
| 108|0x0000000086c00000, 0x0000000086d00000, 0x0000000086d00000|100%| O|  |TAMS 0x0000000086c00000| PB 0x0000000086c00000| Untracked 
| 109|0x0000000086d00000, 0x0000000086e00000, 0x0000000086e00000|100%| O|  |TAMS 0x0000000086d00000| PB 0x0000000086d00000| Untracked 
| 110|0x0000000086e00000, 0x0000000086f00000, 0x0000000086f00000|100%| O|Cm|TAMS 0x0000000086e00000| PB 0x0000000086e00000| Complete 
| 111|0x0000000086f00000, 0x0000000087000000, 0x0000000087000000|100%| O|Cm|TAMS 0x0000000086f00000| PB 0x0000000086f00000| Complete 
| 112|0x0000000087000000, 0x0000000087100000, 0x0000000087100000|100%| O|  |TAMS 0x0000000087000000| PB 0x0000000087000000| Untracked 
| 113|0x0000000087100000, 0x0000000087200000, 0x0000000087200000|100%| O|  |TAMS 0x0000000087100000| PB 0x0000000087100000| Untracked 
| 114|0x0000000087200000, 0x0000000087300000, 0x0000000087300000|100%| O|  |TAMS 0x0000000087200000| PB 0x0000000087200000| Untracked 
| 115|0x0000000087300000, 0x0000000087400000, 0x0000000087400000|100%| O|Cm|TAMS 0x0000000087300000| PB 0x0000000087300000| Complete 
| 116|0x0000000087400000, 0x0000000087500000, 0x0000000087500000|100%| O|Cm|TAMS 0x0000000087400000| PB 0x0000000087400000| Complete 
| 117|0x0000000087500000, 0x0000000087600000, 0x0000000087600000|100%| O|Cm|TAMS 0x0000000087500000| PB 0x0000000087500000| Complete 
| 118|0x0000000087600000, 0x0000000087700000, 0x0000000087700000|100%| O|  |TAMS 0x0000000087600000| PB 0x0000000087600000| Untracked 
| 119|0x0000000087700000, 0x0000000087800000, 0x0000000087800000|100%| O|  |TAMS 0x0000000087700000| PB 0x0000000087700000| Untracked 
| 120|0x0000000087800000, 0x0000000087900000, 0x0000000087900000|100%| O|Cm|TAMS 0x0000000087800000| PB 0x0000000087800000| Complete 
| 121|0x0000000087900000, 0x0000000087a00000, 0x0000000087a00000|100%| O|Cm|TAMS 0x0000000087900000| PB 0x0000000087900000| Complete 
| 122|0x0000000087a00000, 0x0000000087b00000, 0x0000000087b00000|100%| O|  |TAMS 0x0000000087a00000| PB 0x0000000087a00000| Untracked 
| 123|0x0000000087b00000, 0x0000000087c00000, 0x0000000087c00000|100%| O|Cm|TAMS 0x0000000087b00000| PB 0x0000000087b00000| Complete 
| 124|0x0000000087c00000, 0x0000000087c00000, 0x0000000087d00000|  0%| F|  |TAMS 0x0000000087c00000| PB 0x0000000087c00000| Untracked 
| 125|0x0000000087d00000, 0x0000000087e00000, 0x0000000087e00000|100%| O|Cm|TAMS 0x0000000087d00000| PB 0x0000000087d00000| Complete 
| 126|0x0000000087e00000, 0x0000000087e00000, 0x0000000087f00000|  0%| F|  |TAMS 0x0000000087e00000| PB 0x0000000087e00000| Untracked 
| 127|0x0000000087f00000, 0x0000000088000000, 0x0000000088000000|100%| O|Cm|TAMS 0x0000000087f00000| PB 0x0000000087f00000| Complete 
| 128|0x0000000088000000, 0x0000000088100000, 0x0000000088100000|100%| O|  |TAMS 0x0000000088000000| PB 0x0000000088000000| Untracked 
| 129|0x0000000088100000, 0x0000000088200000, 0x0000000088200000|100%| O|Cm|TAMS 0x0000000088100000| PB 0x0000000088100000| Complete 
| 130|0x0000000088200000, 0x0000000088300000, 0x0000000088300000|100%| O|Cm|TAMS 0x0000000088200000| PB 0x0000000088200000| Complete 
| 131|0x0000000088300000, 0x0000000088400000, 0x0000000088400000|100%| O|Cm|TAMS 0x0000000088300000| PB 0x0000000088300000| Complete 
| 132|0x0000000088400000, 0x0000000088500000, 0x0000000088500000|100%| O|  |TAMS 0x0000000088400000| PB 0x0000000088400000| Untracked 
| 133|0x0000000088500000, 0x0000000088600000, 0x0000000088600000|100%| O|  |TAMS 0x0000000088500000| PB 0x0000000088500000| Untracked 
| 134|0x0000000088600000, 0x0000000088700000, 0x0000000088700000|100%| O|  |TAMS 0x0000000088600000| PB 0x0000000088600000| Untracked 
| 135|0x0000000088700000, 0x0000000088800000, 0x0000000088800000|100%| O|  |TAMS 0x0000000088700000| PB 0x0000000088700000| Untracked 
| 136|0x0000000088800000, 0x0000000088900000, 0x0000000088900000|100%|HS|  |TAMS 0x0000000088800000| PB 0x0000000088800000| Complete 
| 137|0x0000000088900000, 0x0000000088a00000, 0x0000000088a00000|100%|HS|  |TAMS 0x0000000088900000| PB 0x0000000088900000| Complete 
| 138|0x0000000088a00000, 0x0000000088b00000, 0x0000000088b00000|100%|HC|  |TAMS 0x0000000088a00000| PB 0x0000000088a00000| Complete 
| 139|0x0000000088b00000, 0x0000000088c00000, 0x0000000088c00000|100%|HS|  |TAMS 0x0000000088b00000| PB 0x0000000088b00000| Complete 
| 140|0x0000000088c00000, 0x0000000088d00000, 0x0000000088d00000|100%|HC|  |TAMS 0x0000000088c00000| PB 0x0000000088c00000| Complete 
| 141|0x0000000088d00000, 0x0000000088d00000, 0x0000000088e00000|  0%| F|  |TAMS 0x0000000088d00000| PB 0x0000000088d00000| Untracked 
| 142|0x0000000088e00000, 0x0000000088f00000, 0x0000000088f00000|100%| O|Cm|TAMS 0x0000000088e00000| PB 0x0000000088e00000| Complete 
| 143|0x0000000088f00000, 0x0000000089000000, 0x0000000089000000|100%| O|Cm|TAMS 0x0000000088f00000| PB 0x0000000088f00000| Complete 
| 144|0x0000000089000000, 0x0000000089100000, 0x0000000089100000|100%| O|  |TAMS 0x0000000089000000| PB 0x0000000089000000| Untracked 
| 145|0x0000000089100000, 0x0000000089200000, 0x0000000089200000|100%| O|Cm|TAMS 0x0000000089100000| PB 0x0000000089100000| Complete 
| 146|0x0000000089200000, 0x0000000089300000, 0x0000000089300000|100%| O|  |TAMS 0x0000000089200000| PB 0x0000000089200000| Untracked 
| 147|0x0000000089300000, 0x0000000089400000, 0x0000000089400000|100%| O|Cm|TAMS 0x0000000089300000| PB 0x0000000089300000| Complete 
| 148|0x0000000089400000, 0x0000000089400000, 0x0000000089500000|  0%| F|  |TAMS 0x0000000089400000| PB 0x0000000089400000| Untracked 
| 149|0x0000000089500000, 0x0000000089600000, 0x0000000089600000|100%|HS|  |TAMS 0x0000000089500000| PB 0x0000000089500000| Complete 
| 150|0x0000000089600000, 0x0000000089700000, 0x0000000089700000|100%|HC|  |TAMS 0x0000000089600000| PB 0x0000000089600000| Complete 
| 151|0x0000000089700000, 0x0000000089800000, 0x0000000089800000|100%|HS|  |TAMS 0x0000000089700000| PB 0x0000000089700000| Complete 
| 152|0x0000000089800000, 0x0000000089900000, 0x0000000089900000|100%|HC|  |TAMS 0x0000000089800000| PB 0x0000000089800000| Complete 
| 153|0x0000000089900000, 0x0000000089a00000, 0x0000000089a00000|100%| O|Cm|TAMS 0x0000000089900000| PB 0x0000000089900000| Complete 
| 154|0x0000000089a00000, 0x0000000089b00000, 0x0000000089b00000|100%| O|  |TAMS 0x0000000089a00000| PB 0x0000000089a00000| Untracked 
| 155|0x0000000089b00000, 0x0000000089c00000, 0x0000000089c00000|100%| O|  |TAMS 0x0000000089b00000| PB 0x0000000089b00000| Untracked 
| 156|0x0000000089c00000, 0x0000000089d00000, 0x0000000089d00000|100%| O|Cm|TAMS 0x0000000089c00000| PB 0x0000000089c00000| Complete 
| 157|0x0000000089d00000, 0x0000000089e00000, 0x0000000089e00000|100%| O|  |TAMS 0x0000000089d00000| PB 0x0000000089d00000| Untracked 
| 158|0x0000000089e00000, 0x0000000089f00000, 0x0000000089f00000|100%| O|  |TAMS 0x0000000089e00000| PB 0x0000000089e00000| Untracked 
| 159|0x0000000089f00000, 0x000000008a000000, 0x000000008a000000|100%| O|  |TAMS 0x0000000089f00000| PB 0x0000000089f00000| Untracked 
| 160|0x000000008a000000, 0x000000008a100000, 0x000000008a100000|100%| O|Cm|TAMS 0x000000008a000000| PB 0x000000008a000000| Complete 
| 161|0x000000008a100000, 0x000000008a200000, 0x000000008a200000|100%| O|Cm|TAMS 0x000000008a100000| PB 0x000000008a100000| Complete 
| 162|0x000000008a200000, 0x000000008a300000, 0x000000008a300000|100%| O|Cm|TAMS 0x000000008a200000| PB 0x000000008a200000| Complete 
| 163|0x000000008a300000, 0x000000008a400000, 0x000000008a400000|100%| O|  |TAMS 0x000000008a300000| PB 0x000000008a300000| Untracked 
| 164|0x000000008a400000, 0x000000008a500000, 0x000000008a500000|100%| O|  |TAMS 0x000000008a400000| PB 0x000000008a400000| Untracked 
| 165|0x000000008a500000, 0x000000008a600000, 0x000000008a600000|100%| O|  |TAMS 0x000000008a500000| PB 0x000000008a500000| Untracked 
| 166|0x000000008a600000, 0x000000008a700000, 0x000000008a700000|100%| O|  |TAMS 0x000000008a600000| PB 0x000000008a600000| Untracked 
| 167|0x000000008a700000, 0x000000008a800000, 0x000000008a800000|100%|HS|  |TAMS 0x000000008a700000| PB 0x000000008a700000| Complete 
| 168|0x000000008a800000, 0x000000008a900000, 0x000000008a900000|100%|HC|  |TAMS 0x000000008a800000| PB 0x000000008a800000| Complete 
| 169|0x000000008a900000, 0x000000008aa00000, 0x000000008aa00000|100%| O|  |TAMS 0x000000008a900000| PB 0x000000008a900000| Untracked 
| 170|0x000000008aa00000, 0x000000008ab00000, 0x000000008ab00000|100%| O|Cm|TAMS 0x000000008aa00000| PB 0x000000008aa00000| Complete 
| 171|0x000000008ab00000, 0x000000008ac00000, 0x000000008ac00000|100%| O|  |TAMS 0x000000008ab00000| PB 0x000000008ab00000| Untracked 
| 172|0x000000008ac00000, 0x000000008ad00000, 0x000000008ad00000|100%|HS|  |TAMS 0x000000008ac00000| PB 0x000000008ac00000| Complete 
| 173|0x000000008ad00000, 0x000000008ae00000, 0x000000008ae00000|100%|HS|  |TAMS 0x000000008ad00000| PB 0x000000008ad00000| Complete 
| 174|0x000000008ae00000, 0x000000008af00000, 0x000000008af00000|100%|HS|  |TAMS 0x000000008ae00000| PB 0x000000008ae00000| Complete 
| 175|0x000000008af00000, 0x000000008b000000, 0x000000008b000000|100%| O|  |TAMS 0x000000008af00000| PB 0x000000008af00000| Untracked 
| 176|0x000000008b000000, 0x000000008b100000, 0x000000008b100000|100%| O|  |TAMS 0x000000008b000000| PB 0x000000008b000000| Untracked 
| 177|0x000000008b100000, 0x000000008b200000, 0x000000008b200000|100%| O|  |TAMS 0x000000008b100000| PB 0x000000008b100000| Untracked 
| 178|0x000000008b200000, 0x000000008b300000, 0x000000008b300000|100%| O|  |TAMS 0x000000008b200000| PB 0x000000008b200000| Untracked 
| 179|0x000000008b300000, 0x000000008b400000, 0x000000008b400000|100%| O|  |TAMS 0x000000008b300000| PB 0x000000008b300000| Untracked 
| 180|0x000000008b400000, 0x000000008b500000, 0x000000008b500000|100%| O|  |TAMS 0x000000008b400000| PB 0x000000008b400000| Untracked 
| 181|0x000000008b500000, 0x000000008b600000, 0x000000008b600000|100%| O|Cm|TAMS 0x000000008b500000| PB 0x000000008b500000| Complete 
| 182|0x000000008b600000, 0x000000008b700000, 0x000000008b700000|100%| O|  |TAMS 0x000000008b600000| PB 0x000000008b600000| Untracked 
| 183|0x000000008b700000, 0x000000008b800000, 0x000000008b800000|100%| O|  |TAMS 0x000000008b700000| PB 0x000000008b700000| Untracked 
| 184|0x000000008b800000, 0x000000008b900000, 0x000000008b900000|100%| O|Cm|TAMS 0x000000008b800000| PB 0x000000008b800000| Complete 
| 185|0x000000008b900000, 0x000000008ba00000, 0x000000008ba00000|100%| O|  |TAMS 0x000000008b900000| PB 0x000000008b900000| Untracked 
| 186|0x000000008ba00000, 0x000000008bb00000, 0x000000008bb00000|100%| O|  |TAMS 0x000000008ba00000| PB 0x000000008ba00000| Untracked 
| 187|0x000000008bb00000, 0x000000008bc00000, 0x000000008bc00000|100%| O|  |TAMS 0x000000008bb00000| PB 0x000000008bb00000| Untracked 
| 188|0x000000008bc00000, 0x000000008bd00000, 0x000000008bd00000|100%| O|  |TAMS 0x000000008bc00000| PB 0x000000008bc00000| Untracked 
| 189|0x000000008bd00000, 0x000000008bd00000, 0x000000008be00000|  0%| F|  |TAMS 0x000000008bd00000| PB 0x000000008bd00000| Untracked 
| 190|0x000000008be00000, 0x000000008bf00000, 0x000000008bf00000|100%| O|  |TAMS 0x000000008be00000| PB 0x000000008be00000| Untracked 
| 191|0x000000008bf00000, 0x000000008c000000, 0x000000008c000000|100%| O|  |TAMS 0x000000008bf00000| PB 0x000000008bf00000| Untracked 
| 192|0x000000008c000000, 0x000000008c100000, 0x000000008c100000|100%| O|  |TAMS 0x000000008c000000| PB 0x000000008c000000| Untracked 
| 193|0x000000008c100000, 0x000000008c200000, 0x000000008c200000|100%| O|  |TAMS 0x000000008c100000| PB 0x000000008c100000| Untracked 
| 194|0x000000008c200000, 0x000000008c300000, 0x000000008c300000|100%| O|  |TAMS 0x000000008c200000| PB 0x000000008c200000| Untracked 
| 195|0x000000008c300000, 0x000000008c400000, 0x000000008c400000|100%| O|  |TAMS 0x000000008c300000| PB 0x000000008c300000| Untracked 
| 196|0x000000008c400000, 0x000000008c500000, 0x000000008c500000|100%| O|  |TAMS 0x000000008c400000| PB 0x000000008c400000| Untracked 
| 197|0x000000008c500000, 0x000000008c600000, 0x000000008c600000|100%| O|  |TAMS 0x000000008c500000| PB 0x000000008c500000| Untracked 
| 198|0x000000008c600000, 0x000000008c700000, 0x000000008c700000|100%| O|Cm|TAMS 0x000000008c600000| PB 0x000000008c600000| Complete 
| 199|0x000000008c700000, 0x000000008c800000, 0x000000008c800000|100%| O|Cm|TAMS 0x000000008c700000| PB 0x000000008c700000| Complete 
| 200|0x000000008c800000, 0x000000008c900000, 0x000000008c900000|100%| O|  |TAMS 0x000000008c800000| PB 0x000000008c800000| Untracked 
| 201|0x000000008c900000, 0x000000008ca00000, 0x000000008ca00000|100%| O|Cm|TAMS 0x000000008c900000| PB 0x000000008c900000| Complete 
| 202|0x000000008ca00000, 0x000000008cb00000, 0x000000008cb00000|100%| O|Cm|TAMS 0x000000008ca00000| PB 0x000000008ca00000| Complete 
| 203|0x000000008cb00000, 0x000000008cc00000, 0x000000008cc00000|100%| O|  |TAMS 0x000000008cb00000| PB 0x000000008cb00000| Untracked 
| 204|0x000000008cc00000, 0x000000008cd00000, 0x000000008cd00000|100%| O|Cm|TAMS 0x000000008cc00000| PB 0x000000008cc00000| Complete 
| 205|0x000000008cd00000, 0x000000008ce00000, 0x000000008ce00000|100%| O|  |TAMS 0x000000008cd00000| PB 0x000000008cd00000| Untracked 
| 206|0x000000008ce00000, 0x000000008cf00000, 0x000000008cf00000|100%| O|Cm|TAMS 0x000000008ce00000| PB 0x000000008ce00000| Complete 
| 207|0x000000008cf00000, 0x000000008d000000, 0x000000008d000000|100%| O|Cm|TAMS 0x000000008cf00000| PB 0x000000008cf00000| Complete 
| 208|0x000000008d000000, 0x000000008d100000, 0x000000008d100000|100%| O|  |TAMS 0x000000008d000000| PB 0x000000008d000000| Untracked 
| 209|0x000000008d100000, 0x000000008d200000, 0x000000008d200000|100%| O|  |TAMS 0x000000008d100000| PB 0x000000008d100000| Untracked 
| 210|0x000000008d200000, 0x000000008d300000, 0x000000008d300000|100%| O|Cm|TAMS 0x000000008d200000| PB 0x000000008d200000| Complete 
| 211|0x000000008d300000, 0x000000008d400000, 0x000000008d400000|100%| O|  |TAMS 0x000000008d300000| PB 0x000000008d300000| Untracked 
| 212|0x000000008d400000, 0x000000008d500000, 0x000000008d500000|100%| O|  |TAMS 0x000000008d400000| PB 0x000000008d400000| Untracked 
| 213|0x000000008d500000, 0x000000008d600000, 0x000000008d600000|100%| O|  |TAMS 0x000000008d500000| PB 0x000000008d500000| Untracked 
| 214|0x000000008d600000, 0x000000008d700000, 0x000000008d700000|100%| O|  |TAMS 0x000000008d600000| PB 0x000000008d600000| Untracked 
| 215|0x000000008d700000, 0x000000008d800000, 0x000000008d800000|100%| O|  |TAMS 0x000000008d700000| PB 0x000000008d700000| Untracked 
| 216|0x000000008d800000, 0x000000008d900000, 0x000000008d900000|100%| O|  |TAMS 0x000000008d800000| PB 0x000000008d800000| Untracked 
| 217|0x000000008d900000, 0x000000008da00000, 0x000000008da00000|100%| O|  |TAMS 0x000000008d900000| PB 0x000000008d900000| Untracked 
| 218|0x000000008da00000, 0x000000008db00000, 0x000000008db00000|100%| O|  |TAMS 0x000000008da00000| PB 0x000000008da00000| Untracked 
| 219|0x000000008db00000, 0x000000008db00000, 0x000000008dc00000|  0%| F|  |TAMS 0x000000008db00000| PB 0x000000008db00000| Untracked 
| 220|0x000000008dc00000, 0x000000008dd00000, 0x000000008dd00000|100%| O|  |TAMS 0x000000008dc00000| PB 0x000000008dc00000| Untracked 
| 221|0x000000008dd00000, 0x000000008de00000, 0x000000008de00000|100%| O|  |TAMS 0x000000008dd00000| PB 0x000000008dd00000| Untracked 
| 222|0x000000008de00000, 0x000000008df00000, 0x000000008df00000|100%| O|  |TAMS 0x000000008de00000| PB 0x000000008de00000| Untracked 
| 223|0x000000008df00000, 0x000000008e000000, 0x000000008e000000|100%| O|  |TAMS 0x000000008df00000| PB 0x000000008df00000| Untracked 
| 224|0x000000008e000000, 0x000000008e100000, 0x000000008e100000|100%| O|  |TAMS 0x000000008e000000| PB 0x000000008e000000| Untracked 
| 225|0x000000008e100000, 0x000000008e200000, 0x000000008e200000|100%| O|  |TAMS 0x000000008e100000| PB 0x000000008e100000| Untracked 
| 226|0x000000008e200000, 0x000000008e300000, 0x000000008e300000|100%| O|Cm|TAMS 0x000000008e200000| PB 0x000000008e200000| Complete 
| 227|0x000000008e300000, 0x000000008e400000, 0x000000008e400000|100%| O|  |TAMS 0x000000008e300000| PB 0x000000008e300000| Untracked 
| 228|0x000000008e400000, 0x000000008e500000, 0x000000008e500000|100%| O|  |TAMS 0x000000008e400000| PB 0x000000008e400000| Untracked 
| 229|0x000000008e500000, 0x000000008e600000, 0x000000008e600000|100%| O|  |TAMS 0x000000008e500000| PB 0x000000008e500000| Untracked 
| 230|0x000000008e600000, 0x000000008e700000, 0x000000008e700000|100%| O|  |TAMS 0x000000008e600000| PB 0x000000008e600000| Untracked 
| 231|0x000000008e700000, 0x000000008e800000, 0x000000008e800000|100%| O|  |TAMS 0x000000008e700000| PB 0x000000008e700000| Untracked 
| 232|0x000000008e800000, 0x000000008e900000, 0x000000008e900000|100%| O|  |TAMS 0x000000008e800000| PB 0x000000008e800000| Untracked 
| 233|0x000000008e900000, 0x000000008ea00000, 0x000000008ea00000|100%| O|  |TAMS 0x000000008e900000| PB 0x000000008e900000| Untracked 
| 234|0x000000008ea00000, 0x000000008eb00000, 0x000000008eb00000|100%| O|  |TAMS 0x000000008ea00000| PB 0x000000008ea00000| Untracked 
| 235|0x000000008eb00000, 0x000000008ec00000, 0x000000008ec00000|100%| O|  |TAMS 0x000000008eb00000| PB 0x000000008eb00000| Untracked 
| 236|0x000000008ec00000, 0x000000008ed00000, 0x000000008ed00000|100%| O|Cm|TAMS 0x000000008ec00000| PB 0x000000008ec00000| Complete 
| 237|0x000000008ed00000, 0x000000008ee00000, 0x000000008ee00000|100%| O|  |TAMS 0x000000008ed00000| PB 0x000000008ed00000| Untracked 
| 238|0x000000008ee00000, 0x000000008ef00000, 0x000000008ef00000|100%| O|  |TAMS 0x000000008ee00000| PB 0x000000008ee00000| Untracked 
| 239|0x000000008ef00000, 0x000000008ef00000, 0x000000008f000000|  0%| F|  |TAMS 0x000000008ef00000| PB 0x000000008ef00000| Untracked 
| 240|0x000000008f000000, 0x000000008f100000, 0x000000008f100000|100%| O|Cm|TAMS 0x000000008f000000| PB 0x000000008f000000| Complete 
| 241|0x000000008f100000, 0x000000008f200000, 0x000000008f200000|100%| O|Cm|TAMS 0x000000008f100000| PB 0x000000008f100000| Complete 
| 242|0x000000008f200000, 0x000000008f300000, 0x000000008f300000|100%| O|Cm|TAMS 0x000000008f200000| PB 0x000000008f200000| Complete 
| 243|0x000000008f300000, 0x000000008f400000, 0x000000008f400000|100%| O|Cm|TAMS 0x000000008f300000| PB 0x000000008f300000| Complete 
| 244|0x000000008f400000, 0x000000008f500000, 0x000000008f500000|100%| O|Cm|TAMS 0x000000008f400000| PB 0x000000008f400000| Complete 
| 245|0x000000008f500000, 0x000000008f600000, 0x000000008f600000|100%| O|  |TAMS 0x000000008f500000| PB 0x000000008f500000| Untracked 
| 246|0x000000008f600000, 0x000000008f700000, 0x000000008f700000|100%| O|Cm|TAMS 0x000000008f600000| PB 0x000000008f600000| Complete 
| 247|0x000000008f700000, 0x000000008f800000, 0x000000008f800000|100%| O|  |TAMS 0x000000008f700000| PB 0x000000008f700000| Untracked 
| 248|0x000000008f800000, 0x000000008f900000, 0x000000008f900000|100%| O|  |TAMS 0x000000008f800000| PB 0x000000008f800000| Untracked 
| 249|0x000000008f900000, 0x000000008fa00000, 0x000000008fa00000|100%| O|Cm|TAMS 0x000000008f900000| PB 0x000000008f900000| Complete 
| 250|0x000000008fa00000, 0x000000008fb00000, 0x000000008fb00000|100%| O|  |TAMS 0x000000008fa00000| PB 0x000000008fa00000| Untracked 
| 251|0x000000008fb00000, 0x000000008fc00000, 0x000000008fc00000|100%| O|  |TAMS 0x000000008fb00000| PB 0x000000008fb00000| Untracked 
| 252|0x000000008fc00000, 0x000000008fd00000, 0x000000008fd00000|100%| O|  |TAMS 0x000000008fc00000| PB 0x000000008fc00000| Untracked 
| 253|0x000000008fd00000, 0x000000008fe00000, 0x000000008fe00000|100%| O|  |TAMS 0x000000008fd00000| PB 0x000000008fd00000| Untracked 
| 254|0x000000008fe00000, 0x000000008ff00000, 0x000000008ff00000|100%| O|Cm|TAMS 0x000000008fe00000| PB 0x000000008fe00000| Complete 
| 255|0x000000008ff00000, 0x0000000090000000, 0x0000000090000000|100%| O|  |TAMS 0x000000008ff00000| PB 0x000000008ff00000| Untracked 
| 256|0x0000000090000000, 0x0000000090100000, 0x0000000090100000|100%| O|  |TAMS 0x0000000090000000| PB 0x0000000090000000| Untracked 
| 257|0x0000000090100000, 0x0000000090200000, 0x0000000090200000|100%| O|Cm|TAMS 0x0000000090100000| PB 0x0000000090100000| Complete 
| 258|0x0000000090200000, 0x0000000090300000, 0x0000000090300000|100%| O|  |TAMS 0x0000000090200000| PB 0x0000000090200000| Untracked 
| 259|0x0000000090300000, 0x0000000090400000, 0x0000000090400000|100%| O|  |TAMS 0x0000000090300000| PB 0x0000000090300000| Untracked 
| 260|0x0000000090400000, 0x0000000090500000, 0x0000000090500000|100%| O|  |TAMS 0x0000000090400000| PB 0x0000000090400000| Untracked 
| 261|0x0000000090500000, 0x0000000090600000, 0x0000000090600000|100%| O|  |TAMS 0x0000000090500000| PB 0x0000000090500000| Untracked 
| 262|0x0000000090600000, 0x0000000090700000, 0x0000000090700000|100%| O|  |TAMS 0x0000000090600000| PB 0x0000000090600000| Untracked 
| 263|0x0000000090700000, 0x0000000090800000, 0x0000000090800000|100%| O|  |TAMS 0x0000000090700000| PB 0x0000000090700000| Untracked 
| 264|0x0000000090800000, 0x0000000090900000, 0x0000000090900000|100%| O|  |TAMS 0x0000000090800000| PB 0x0000000090800000| Untracked 
| 265|0x0000000090900000, 0x0000000090a00000, 0x0000000090a00000|100%| O|  |TAMS 0x0000000090900000| PB 0x0000000090900000| Untracked 
| 266|0x0000000090a00000, 0x0000000090b00000, 0x0000000090b00000|100%| O|  |TAMS 0x0000000090a00000| PB 0x0000000090a00000| Untracked 
| 267|0x0000000090b00000, 0x0000000090c00000, 0x0000000090c00000|100%| O|  |TAMS 0x0000000090b00000| PB 0x0000000090b00000| Untracked 
| 268|0x0000000090c00000, 0x0000000090d00000, 0x0000000090d00000|100%| O|  |TAMS 0x0000000090c00000| PB 0x0000000090c00000| Untracked 
| 269|0x0000000090d00000, 0x0000000090e00000, 0x0000000090e00000|100%| O|  |TAMS 0x0000000090d00000| PB 0x0000000090d00000| Untracked 
| 270|0x0000000090e00000, 0x0000000090f00000, 0x0000000090f00000|100%| O|Cm|TAMS 0x0000000090e00000| PB 0x0000000090e00000| Complete 
| 271|0x0000000090f00000, 0x0000000090f00000, 0x0000000091000000|  0%| F|  |TAMS 0x0000000090f00000| PB 0x0000000090f00000| Untracked 
| 272|0x0000000091000000, 0x0000000091100000, 0x0000000091100000|100%| O|  |TAMS 0x0000000091000000| PB 0x0000000091000000| Untracked 
| 273|0x0000000091100000, 0x0000000091200000, 0x0000000091200000|100%| O|  |TAMS 0x0000000091100000| PB 0x0000000091100000| Untracked 
| 274|0x0000000091200000, 0x0000000091300000, 0x0000000091300000|100%| O|  |TAMS 0x0000000091200000| PB 0x0000000091200000| Untracked 
| 275|0x0000000091300000, 0x0000000091400000, 0x0000000091400000|100%| O|  |TAMS 0x0000000091300000| PB 0x0000000091300000| Untracked 
| 276|0x0000000091400000, 0x0000000091500000, 0x0000000091500000|100%| O|Cm|TAMS 0x0000000091400000| PB 0x0000000091400000| Complete 
| 277|0x0000000091500000, 0x0000000091600000, 0x0000000091600000|100%|HS|  |TAMS 0x0000000091500000| PB 0x0000000091500000| Complete 
| 278|0x0000000091600000, 0x0000000091700000, 0x0000000091700000|100%|HC|  |TAMS 0x0000000091600000| PB 0x0000000091600000| Complete 
| 279|0x0000000091700000, 0x0000000091700000, 0x0000000091800000|  0%| F|  |TAMS 0x0000000091700000| PB 0x0000000091700000| Untracked 
| 280|0x0000000091800000, 0x0000000091900000, 0x0000000091900000|100%| O|Cm|TAMS 0x0000000091800000| PB 0x0000000091800000| Complete 
| 281|0x0000000091900000, 0x0000000091a00000, 0x0000000091a00000|100%| O|Cm|TAMS 0x0000000091900000| PB 0x0000000091900000| Complete 
| 282|0x0000000091a00000, 0x0000000091b00000, 0x0000000091b00000|100%|HS|  |TAMS 0x0000000091a00000| PB 0x0000000091a00000| Complete 
| 283|0x0000000091b00000, 0x0000000091c00000, 0x0000000091c00000|100%|HC|  |TAMS 0x0000000091b00000| PB 0x0000000091b00000| Complete 
| 284|0x0000000091c00000, 0x0000000091d00000, 0x0000000091d00000|100%| O|Cm|TAMS 0x0000000091c00000| PB 0x0000000091c00000| Complete 
| 285|0x0000000091d00000, 0x0000000091e00000, 0x0000000091e00000|100%| O|Cm|TAMS 0x0000000091d00000| PB 0x0000000091d00000| Complete 
| 286|0x0000000091e00000, 0x0000000091e00000, 0x0000000091f00000|  0%| F|  |TAMS 0x0000000091e00000| PB 0x0000000091e00000| Untracked 
| 287|0x0000000091f00000, 0x0000000092000000, 0x0000000092000000|100%| O|Cm|TAMS 0x0000000091f00000| PB 0x0000000091f00000| Complete 
| 288|0x0000000092000000, 0x0000000092100000, 0x0000000092100000|100%| O|Cm|TAMS 0x0000000092000000| PB 0x0000000092000000| Complete 
| 289|0x0000000092100000, 0x0000000092100000, 0x0000000092200000|  0%| F|  |TAMS 0x0000000092100000| PB 0x0000000092100000| Untracked 
| 290|0x0000000092200000, 0x0000000092200000, 0x0000000092300000|  0%| F|  |TAMS 0x0000000092200000| PB 0x0000000092200000| Untracked 
| 291|0x0000000092300000, 0x0000000092300000, 0x0000000092400000|  0%| F|  |TAMS 0x0000000092300000| PB 0x0000000092300000| Untracked 
| 292|0x0000000092400000, 0x0000000092500000, 0x0000000092500000|100%|HS|  |TAMS 0x0000000092400000| PB 0x0000000092400000| Complete 
| 293|0x0000000092500000, 0x0000000092600000, 0x0000000092600000|100%|HC|  |TAMS 0x0000000092500000| PB 0x0000000092500000| Complete 
| 294|0x0000000092600000, 0x0000000092600000, 0x0000000092700000|  0%| F|  |TAMS 0x0000000092600000| PB 0x0000000092600000| Untracked 
| 295|0x0000000092700000, 0x0000000092700000, 0x0000000092800000|  0%| F|  |TAMS 0x0000000092700000| PB 0x0000000092700000| Untracked 
| 296|0x0000000092800000, 0x0000000092800000, 0x0000000092900000|  0%| F|  |TAMS 0x0000000092800000| PB 0x0000000092800000| Untracked 
| 297|0x0000000092900000, 0x0000000092900000, 0x0000000092a00000|  0%| F|  |TAMS 0x0000000092900000| PB 0x0000000092900000| Untracked 
| 298|0x0000000092a00000, 0x0000000092a00000, 0x0000000092b00000|  0%| F|  |TAMS 0x0000000092a00000| PB 0x0000000092a00000| Untracked 
| 299|0x0000000092b00000, 0x0000000092b00000, 0x0000000092c00000|  0%| F|  |TAMS 0x0000000092b00000| PB 0x0000000092b00000| Untracked 
| 300|0x0000000092c00000, 0x0000000092d00000, 0x0000000092d00000|100%| O|  |TAMS 0x0000000092c00000| PB 0x0000000092c00000| Untracked 
| 301|0x0000000092d00000, 0x0000000092d00000, 0x0000000092e00000|  0%| F|  |TAMS 0x0000000092d00000| PB 0x0000000092d00000| Untracked 
| 302|0x0000000092e00000, 0x0000000092e00000, 0x0000000092f00000|  0%| F|  |TAMS 0x0000000092e00000| PB 0x0000000092e00000| Untracked 
| 303|0x0000000092f00000, 0x0000000093000000, 0x0000000093000000|100%| O|  |TAMS 0x0000000092f00000| PB 0x0000000092f00000| Untracked 
| 304|0x0000000093000000, 0x0000000093100000, 0x0000000093100000|100%| O|  |TAMS 0x0000000093000000| PB 0x0000000093000000| Untracked 
| 305|0x0000000093100000, 0x0000000093200000, 0x0000000093200000|100%| O|  |TAMS 0x0000000093100000| PB 0x0000000093100000| Untracked 
| 306|0x0000000093200000, 0x0000000093300000, 0x0000000093300000|100%| O|  |TAMS 0x0000000093200000| PB 0x0000000093200000| Untracked 
| 307|0x0000000093300000, 0x0000000093400000, 0x0000000093400000|100%| O|  |TAMS 0x0000000093300000| PB 0x0000000093300000| Untracked 
| 308|0x0000000093400000, 0x0000000093500000, 0x0000000093500000|100%| O|  |TAMS 0x0000000093400000| PB 0x0000000093400000| Untracked 
| 309|0x0000000093500000, 0x0000000093600000, 0x0000000093600000|100%| O|  |TAMS 0x0000000093500000| PB 0x0000000093500000| Untracked 
| 310|0x0000000093600000, 0x0000000093700000, 0x0000000093700000|100%| O|  |TAMS 0x0000000093600000| PB 0x0000000093600000| Untracked 
| 311|0x0000000093700000, 0x0000000093800000, 0x0000000093800000|100%| O|  |TAMS 0x0000000093700000| PB 0x0000000093700000| Untracked 
| 312|0x0000000093800000, 0x0000000093900000, 0x0000000093900000|100%| O|  |TAMS 0x0000000093800000| PB 0x0000000093800000| Untracked 
| 313|0x0000000093900000, 0x0000000093a00000, 0x0000000093a00000|100%| O|  |TAMS 0x0000000093900000| PB 0x0000000093900000| Untracked 
| 314|0x0000000093a00000, 0x0000000093b00000, 0x0000000093b00000|100%| O|  |TAMS 0x0000000093a00000| PB 0x0000000093a00000| Untracked 
| 315|0x0000000093b00000, 0x0000000093b00000, 0x0000000093c00000|  0%| F|  |TAMS 0x0000000093b00000| PB 0x0000000093b00000| Untracked 
| 316|0x0000000093c00000, 0x0000000093c00000, 0x0000000093d00000|  0%| F|  |TAMS 0x0000000093c00000| PB 0x0000000093c00000| Untracked 
| 317|0x0000000093d00000, 0x0000000093d00000, 0x0000000093e00000|  0%| F|  |TAMS 0x0000000093d00000| PB 0x0000000093d00000| Untracked 
| 318|0x0000000093e00000, 0x0000000093e00000, 0x0000000093f00000|  0%| F|  |TAMS 0x0000000093e00000| PB 0x0000000093e00000| Untracked 
| 319|0x0000000093f00000, 0x0000000093f00000, 0x0000000094000000|  0%| F|  |TAMS 0x0000000093f00000| PB 0x0000000093f00000| Untracked 
| 320|0x0000000094000000, 0x0000000094000000, 0x0000000094100000|  0%| F|  |TAMS 0x0000000094000000| PB 0x0000000094000000| Untracked 
| 321|0x0000000094100000, 0x0000000094200000, 0x0000000094200000|100%| O|  |TAMS 0x0000000094100000| PB 0x0000000094100000| Untracked 
| 322|0x0000000094200000, 0x0000000094300000, 0x0000000094300000|100%| O|  |TAMS 0x0000000094200000| PB 0x0000000094200000| Untracked 
| 323|0x0000000094300000, 0x0000000094400000, 0x0000000094400000|100%| O|  |TAMS 0x0000000094300000| PB 0x0000000094300000| Untracked 
| 324|0x0000000094400000, 0x0000000094500000, 0x0000000094500000|100%| O|  |TAMS 0x0000000094400000| PB 0x0000000094400000| Untracked 
| 325|0x0000000094500000, 0x0000000094500000, 0x0000000094600000|  0%| F|  |TAMS 0x0000000094500000| PB 0x0000000094500000| Untracked 
| 326|0x0000000094600000, 0x0000000094700000, 0x0000000094700000|100%| O|Cm|TAMS 0x0000000094600000| PB 0x0000000094600000| Complete 
| 327|0x0000000094700000, 0x0000000094700000, 0x0000000094800000|  0%| F|  |TAMS 0x0000000094700000| PB 0x0000000094700000| Untracked 
| 328|0x0000000094800000, 0x0000000094800000, 0x0000000094900000|  0%| F|  |TAMS 0x0000000094800000| PB 0x0000000094800000| Untracked 
| 329|0x0000000094900000, 0x0000000094a00000, 0x0000000094a00000|100%| O|  |TAMS 0x0000000094900000| PB 0x0000000094900000| Untracked 
| 330|0x0000000094a00000, 0x0000000094b00000, 0x0000000094b00000|100%| O|  |TAMS 0x0000000094a00000| PB 0x0000000094a00000| Untracked 
| 331|0x0000000094b00000, 0x0000000094c00000, 0x0000000094c00000|100%| O|  |TAMS 0x0000000094b00000| PB 0x0000000094b00000| Untracked 
| 332|0x0000000094c00000, 0x0000000094d00000, 0x0000000094d00000|100%| O|  |TAMS 0x0000000094c00000| PB 0x0000000094c00000| Untracked 
| 333|0x0000000094d00000, 0x0000000094e00000, 0x0000000094e00000|100%| O|  |TAMS 0x0000000094d00000| PB 0x0000000094d00000| Untracked 
| 334|0x0000000094e00000, 0x0000000094f00000, 0x0000000094f00000|100%| O|  |TAMS 0x0000000094e00000| PB 0x0000000094e00000| Untracked 
| 335|0x0000000094f00000, 0x0000000095000000, 0x0000000095000000|100%| O|  |TAMS 0x0000000094f00000| PB 0x0000000094f00000| Untracked 
| 336|0x0000000095000000, 0x0000000095100000, 0x0000000095100000|100%| O|  |TAMS 0x0000000095000000| PB 0x0000000095000000| Untracked 
| 337|0x0000000095100000, 0x0000000095200000, 0x0000000095200000|100%| O|  |TAMS 0x0000000095100000| PB 0x0000000095100000| Untracked 
| 338|0x0000000095200000, 0x0000000095300000, 0x0000000095300000|100%| O|  |TAMS 0x0000000095200000| PB 0x0000000095200000| Untracked 
| 339|0x0000000095300000, 0x0000000095400000, 0x0000000095400000|100%| O|  |TAMS 0x0000000095300000| PB 0x0000000095300000| Untracked 
| 340|0x0000000095400000, 0x0000000095400000, 0x0000000095500000|  0%| F|  |TAMS 0x0000000095400000| PB 0x0000000095400000| Untracked 
| 341|0x0000000095500000, 0x0000000095500000, 0x0000000095600000|  0%| F|  |TAMS 0x0000000095500000| PB 0x0000000095500000| Untracked 
| 342|0x0000000095600000, 0x0000000095600000, 0x0000000095700000|  0%| F|  |TAMS 0x0000000095600000| PB 0x0000000095600000| Untracked 
| 343|0x0000000095700000, 0x0000000095700000, 0x0000000095800000|  0%| F|  |TAMS 0x0000000095700000| PB 0x0000000095700000| Untracked 
| 344|0x0000000095800000, 0x0000000095800000, 0x0000000095900000|  0%| F|  |TAMS 0x0000000095800000| PB 0x0000000095800000| Untracked 
| 345|0x0000000095900000, 0x0000000095900000, 0x0000000095a00000|  0%| F|  |TAMS 0x0000000095900000| PB 0x0000000095900000| Untracked 
| 346|0x0000000095a00000, 0x0000000095a00000, 0x0000000095b00000|  0%| F|  |TAMS 0x0000000095a00000| PB 0x0000000095a00000| Untracked 
| 347|0x0000000095b00000, 0x0000000095b00000, 0x0000000095c00000|  0%| F|  |TAMS 0x0000000095b00000| PB 0x0000000095b00000| Untracked 
| 348|0x0000000095c00000, 0x0000000095c00000, 0x0000000095d00000|  0%| F|  |TAMS 0x0000000095c00000| PB 0x0000000095c00000| Untracked 
| 349|0x0000000095d00000, 0x0000000095d00000, 0x0000000095e00000|  0%| F|  |TAMS 0x0000000095d00000| PB 0x0000000095d00000| Untracked 
| 350|0x0000000095e00000, 0x0000000095e00000, 0x0000000095f00000|  0%| F|  |TAMS 0x0000000095e00000| PB 0x0000000095e00000| Untracked 
| 351|0x0000000095f00000, 0x0000000095f00000, 0x0000000096000000|  0%| F|  |TAMS 0x0000000095f00000| PB 0x0000000095f00000| Untracked 
| 352|0x0000000096000000, 0x0000000096000000, 0x0000000096100000|  0%| F|  |TAMS 0x0000000096000000| PB 0x0000000096000000| Untracked 
| 353|0x0000000096100000, 0x0000000096100000, 0x0000000096200000|  0%| F|  |TAMS 0x0000000096100000| PB 0x0000000096100000| Untracked 
| 354|0x0000000096200000, 0x0000000096300000, 0x0000000096300000|100%| O|  |TAMS 0x0000000096200000| PB 0x0000000096200000| Untracked 
| 355|0x0000000096300000, 0x0000000096380000, 0x0000000096400000| 50%| O|  |TAMS 0x0000000096300000| PB 0x0000000096300000| Untracked 
| 356|0x0000000096400000, 0x0000000096400000, 0x0000000096500000|  0%| F|  |TAMS 0x0000000096400000| PB 0x0000000096400000| Untracked 
| 357|0x0000000096500000, 0x0000000096500000, 0x0000000096600000|  0%| F|  |TAMS 0x0000000096500000| PB 0x0000000096500000| Untracked 
| 358|0x0000000096600000, 0x0000000096600000, 0x0000000096700000|  0%| F|  |TAMS 0x0000000096600000| PB 0x0000000096600000| Untracked 
| 359|0x0000000096700000, 0x0000000096700000, 0x0000000096800000|  0%| F|  |TAMS 0x0000000096700000| PB 0x0000000096700000| Untracked 
| 360|0x0000000096800000, 0x0000000096800000, 0x0000000096900000|  0%| F|  |TAMS 0x0000000096800000| PB 0x0000000096800000| Untracked 
| 361|0x0000000096900000, 0x0000000096900000, 0x0000000096a00000|  0%| F|  |TAMS 0x0000000096900000| PB 0x0000000096900000| Untracked 
| 362|0x0000000096a00000, 0x0000000096a00000, 0x0000000096b00000|  0%| F|  |TAMS 0x0000000096a00000| PB 0x0000000096a00000| Untracked 
| 363|0x0000000096b00000, 0x0000000096b00000, 0x0000000096c00000|  0%| F|  |TAMS 0x0000000096b00000| PB 0x0000000096b00000| Untracked 
| 364|0x0000000096c00000, 0x0000000096c00000, 0x0000000096d00000|  0%| F|  |TAMS 0x0000000096c00000| PB 0x0000000096c00000| Untracked 
| 365|0x0000000096d00000, 0x0000000096d00000, 0x0000000096e00000|  0%| F|  |TAMS 0x0000000096d00000| PB 0x0000000096d00000| Untracked 
| 366|0x0000000096e00000, 0x0000000096e00000, 0x0000000096f00000|  0%| F|  |TAMS 0x0000000096e00000| PB 0x0000000096e00000| Untracked 
| 367|0x0000000096f00000, 0x0000000096f00000, 0x0000000097000000|  0%| F|  |TAMS 0x0000000096f00000| PB 0x0000000096f00000| Untracked 
| 368|0x0000000097000000, 0x0000000097000000, 0x0000000097100000|  0%| F|  |TAMS 0x0000000097000000| PB 0x0000000097000000| Untracked 
| 369|0x0000000097100000, 0x0000000097100000, 0x0000000097200000|  0%| F|  |TAMS 0x0000000097100000| PB 0x0000000097100000| Untracked 
| 370|0x0000000097200000, 0x0000000097200000, 0x0000000097300000|  0%| F|  |TAMS 0x0000000097200000| PB 0x0000000097200000| Untracked 
| 371|0x0000000097300000, 0x0000000097300000, 0x0000000097400000|  0%| F|  |TAMS 0x0000000097300000| PB 0x0000000097300000| Untracked 
| 372|0x0000000097400000, 0x0000000097400000, 0x0000000097500000|  0%| F|  |TAMS 0x0000000097400000| PB 0x0000000097400000| Untracked 
| 373|0x0000000097500000, 0x0000000097500000, 0x0000000097600000|  0%| F|  |TAMS 0x0000000097500000| PB 0x0000000097500000| Untracked 
| 374|0x0000000097600000, 0x0000000097600000, 0x0000000097700000|  0%| F|  |TAMS 0x0000000097600000| PB 0x0000000097600000| Untracked 
| 375|0x0000000097700000, 0x0000000097700000, 0x0000000097800000|  0%| F|  |TAMS 0x0000000097700000| PB 0x0000000097700000| Untracked 
| 376|0x0000000097800000, 0x0000000097800000, 0x0000000097900000|  0%| F|  |TAMS 0x0000000097800000| PB 0x0000000097800000| Untracked 
| 377|0x0000000097900000, 0x0000000097900000, 0x0000000097a00000|  0%| F|  |TAMS 0x0000000097900000| PB 0x0000000097900000| Untracked 
| 378|0x0000000097a00000, 0x0000000097a00000, 0x0000000097b00000|  0%| F|  |TAMS 0x0000000097a00000| PB 0x0000000097a00000| Untracked 
| 379|0x0000000097b00000, 0x0000000097b00000, 0x0000000097c00000|  0%| F|  |TAMS 0x0000000097b00000| PB 0x0000000097b00000| Untracked 
| 380|0x0000000097c00000, 0x0000000097c00000, 0x0000000097d00000|  0%| F|  |TAMS 0x0000000097c00000| PB 0x0000000097c00000| Untracked 
| 381|0x0000000097d00000, 0x0000000097d00000, 0x0000000097e00000|  0%| F|  |TAMS 0x0000000097d00000| PB 0x0000000097d00000| Untracked 
| 382|0x0000000097e00000, 0x0000000097e00000, 0x0000000097f00000|  0%| F|  |TAMS 0x0000000097e00000| PB 0x0000000097e00000| Untracked 
| 383|0x0000000097f00000, 0x0000000097f00000, 0x0000000098000000|  0%| F|  |TAMS 0x0000000097f00000| PB 0x0000000097f00000| Untracked 
| 384|0x0000000098000000, 0x0000000098000000, 0x0000000098100000|  0%| F|  |TAMS 0x0000000098000000| PB 0x0000000098000000| Untracked 
| 385|0x0000000098100000, 0x0000000098100000, 0x0000000098200000|  0%| F|  |TAMS 0x0000000098100000| PB 0x0000000098100000| Untracked 
| 386|0x0000000098200000, 0x0000000098200000, 0x0000000098300000|  0%| F|  |TAMS 0x0000000098200000| PB 0x0000000098200000| Untracked 
| 387|0x0000000098300000, 0x0000000098300000, 0x0000000098400000|  0%| F|  |TAMS 0x0000000098300000| PB 0x0000000098300000| Untracked 
| 388|0x0000000098400000, 0x0000000098400000, 0x0000000098500000|  0%| F|  |TAMS 0x0000000098400000| PB 0x0000000098400000| Untracked 
| 389|0x0000000098500000, 0x0000000098500000, 0x0000000098600000|  0%| F|  |TAMS 0x0000000098500000| PB 0x0000000098500000| Untracked 
| 390|0x0000000098600000, 0x0000000098600000, 0x0000000098700000|  0%| F|  |TAMS 0x0000000098600000| PB 0x0000000098600000| Untracked 
| 391|0x0000000098700000, 0x0000000098700000, 0x0000000098800000|  0%| F|  |TAMS 0x0000000098700000| PB 0x0000000098700000| Untracked 
| 392|0x0000000098800000, 0x0000000098800000, 0x0000000098900000|  0%| F|  |TAMS 0x0000000098800000| PB 0x0000000098800000| Untracked 
| 393|0x0000000098900000, 0x0000000098900000, 0x0000000098a00000|  0%| F|  |TAMS 0x0000000098900000| PB 0x0000000098900000| Untracked 
| 394|0x0000000098a00000, 0x0000000098a00000, 0x0000000098b00000|  0%| F|  |TAMS 0x0000000098a00000| PB 0x0000000098a00000| Untracked 
| 395|0x0000000098b00000, 0x0000000098b00000, 0x0000000098c00000|  0%| F|  |TAMS 0x0000000098b00000| PB 0x0000000098b00000| Untracked 
| 396|0x0000000098c00000, 0x0000000098c00000, 0x0000000098d00000|  0%| F|  |TAMS 0x0000000098c00000| PB 0x0000000098c00000| Untracked 
| 397|0x0000000098d00000, 0x0000000098d00000, 0x0000000098e00000|  0%| F|  |TAMS 0x0000000098d00000| PB 0x0000000098d00000| Untracked 
| 398|0x0000000098e00000, 0x0000000098e00000, 0x0000000098f00000|  0%| F|  |TAMS 0x0000000098e00000| PB 0x0000000098e00000| Untracked 
| 399|0x0000000098f00000, 0x0000000098f00000, 0x0000000099000000|  0%| F|  |TAMS 0x0000000098f00000| PB 0x0000000098f00000| Untracked 
| 400|0x0000000099000000, 0x0000000099000000, 0x0000000099100000|  0%| F|  |TAMS 0x0000000099000000| PB 0x0000000099000000| Untracked 
| 401|0x0000000099100000, 0x0000000099100000, 0x0000000099200000|  0%| F|  |TAMS 0x0000000099100000| PB 0x0000000099100000| Untracked 
| 402|0x0000000099200000, 0x0000000099200000, 0x0000000099300000|  0%| F|  |TAMS 0x0000000099200000| PB 0x0000000099200000| Untracked 
| 403|0x0000000099300000, 0x0000000099300000, 0x0000000099400000|  0%| F|  |TAMS 0x0000000099300000| PB 0x0000000099300000| Untracked 
| 404|0x0000000099400000, 0x0000000099400000, 0x0000000099500000|  0%| F|  |TAMS 0x0000000099400000| PB 0x0000000099400000| Untracked 
| 405|0x0000000099500000, 0x0000000099500000, 0x0000000099600000|  0%| F|  |TAMS 0x0000000099500000| PB 0x0000000099500000| Untracked 
| 406|0x0000000099600000, 0x0000000099600000, 0x0000000099700000|  0%| F|  |TAMS 0x0000000099600000| PB 0x0000000099600000| Untracked 
| 407|0x0000000099700000, 0x0000000099700000, 0x0000000099800000|  0%| F|  |TAMS 0x0000000099700000| PB 0x0000000099700000| Untracked 
| 408|0x0000000099800000, 0x0000000099800000, 0x0000000099900000|  0%| F|  |TAMS 0x0000000099800000| PB 0x0000000099800000| Untracked 
| 409|0x0000000099900000, 0x0000000099900000, 0x0000000099a00000|  0%| F|  |TAMS 0x0000000099900000| PB 0x0000000099900000| Untracked 
| 410|0x0000000099a00000, 0x0000000099a00000, 0x0000000099b00000|  0%| F|  |TAMS 0x0000000099a00000| PB 0x0000000099a00000| Untracked 
| 411|0x0000000099b00000, 0x0000000099b00000, 0x0000000099c00000|  0%| F|  |TAMS 0x0000000099b00000| PB 0x0000000099b00000| Untracked 
| 412|0x0000000099c00000, 0x0000000099c00000, 0x0000000099d00000|  0%| F|  |TAMS 0x0000000099c00000| PB 0x0000000099c00000| Untracked 
| 413|0x0000000099d00000, 0x0000000099d00000, 0x0000000099e00000|  0%| F|  |TAMS 0x0000000099d00000| PB 0x0000000099d00000| Untracked 
| 414|0x0000000099e00000, 0x0000000099e00000, 0x0000000099f00000|  0%| F|  |TAMS 0x0000000099e00000| PB 0x0000000099e00000| Untracked 
| 415|0x0000000099f00000, 0x0000000099f00000, 0x000000009a000000|  0%| F|  |TAMS 0x0000000099f00000| PB 0x0000000099f00000| Untracked 
| 416|0x000000009a000000, 0x000000009a000000, 0x000000009a100000|  0%| F|  |TAMS 0x000000009a000000| PB 0x000000009a000000| Untracked 
| 417|0x000000009a100000, 0x000000009a100000, 0x000000009a200000|  0%| F|  |TAMS 0x000000009a100000| PB 0x000000009a100000| Untracked 
| 418|0x000000009a200000, 0x000000009a200000, 0x000000009a300000|  0%| F|  |TAMS 0x000000009a200000| PB 0x000000009a200000| Untracked 
| 419|0x000000009a300000, 0x000000009a300000, 0x000000009a400000|  0%| F|  |TAMS 0x000000009a300000| PB 0x000000009a300000| Untracked 
| 420|0x000000009a400000, 0x000000009a400000, 0x000000009a500000|  0%| F|  |TAMS 0x000000009a400000| PB 0x000000009a400000| Untracked 
| 421|0x000000009a500000, 0x000000009a500000, 0x000000009a600000|  0%| F|  |TAMS 0x000000009a500000| PB 0x000000009a500000| Untracked 
| 422|0x000000009a600000, 0x000000009a600000, 0x000000009a700000|  0%| F|  |TAMS 0x000000009a600000| PB 0x000000009a600000| Untracked 
| 423|0x000000009a700000, 0x000000009a700000, 0x000000009a800000|  0%| F|  |TAMS 0x000000009a700000| PB 0x000000009a700000| Untracked 
| 424|0x000000009a800000, 0x000000009a800000, 0x000000009a900000|  0%| F|  |TAMS 0x000000009a800000| PB 0x000000009a800000| Untracked 
| 425|0x000000009a900000, 0x000000009a900000, 0x000000009aa00000|  0%| F|  |TAMS 0x000000009a900000| PB 0x000000009a900000| Untracked 
| 426|0x000000009aa00000, 0x000000009aa00000, 0x000000009ab00000|  0%| F|  |TAMS 0x000000009aa00000| PB 0x000000009aa00000| Untracked 
| 427|0x000000009ab00000, 0x000000009ab00000, 0x000000009ac00000|  0%| F|  |TAMS 0x000000009ab00000| PB 0x000000009ab00000| Untracked 
| 428|0x000000009ac00000, 0x000000009ac00000, 0x000000009ad00000|  0%| F|  |TAMS 0x000000009ac00000| PB 0x000000009ac00000| Untracked 
| 429|0x000000009ad00000, 0x000000009ad00000, 0x000000009ae00000|  0%| F|  |TAMS 0x000000009ad00000| PB 0x000000009ad00000| Untracked 
| 430|0x000000009ae00000, 0x000000009ae00000, 0x000000009af00000|  0%| F|  |TAMS 0x000000009ae00000| PB 0x000000009ae00000| Untracked 
| 431|0x000000009af00000, 0x000000009af00000, 0x000000009b000000|  0%| F|  |TAMS 0x000000009af00000| PB 0x000000009af00000| Untracked 
| 432|0x000000009b000000, 0x000000009b000000, 0x000000009b100000|  0%| F|  |TAMS 0x000000009b000000| PB 0x000000009b000000| Untracked 
| 433|0x000000009b100000, 0x000000009b100000, 0x000000009b200000|  0%| F|  |TAMS 0x000000009b100000| PB 0x000000009b100000| Untracked 
| 434|0x000000009b200000, 0x000000009b200000, 0x000000009b300000|  0%| F|  |TAMS 0x000000009b200000| PB 0x000000009b200000| Untracked 
| 435|0x000000009b300000, 0x000000009b300000, 0x000000009b400000|  0%| F|  |TAMS 0x000000009b300000| PB 0x000000009b300000| Untracked 
| 436|0x000000009b400000, 0x000000009b400000, 0x000000009b500000|  0%| F|  |TAMS 0x000000009b400000| PB 0x000000009b400000| Untracked 
| 437|0x000000009b500000, 0x000000009b500000, 0x000000009b600000|  0%| F|  |TAMS 0x000000009b500000| PB 0x000000009b500000| Untracked 
| 438|0x000000009b600000, 0x000000009b600000, 0x000000009b700000|  0%| F|  |TAMS 0x000000009b600000| PB 0x000000009b600000| Untracked 
| 439|0x000000009b700000, 0x000000009b700000, 0x000000009b800000|  0%| F|  |TAMS 0x000000009b700000| PB 0x000000009b700000| Untracked 
| 440|0x000000009b800000, 0x000000009b885060, 0x000000009b900000| 51%| E|  |TAMS 0x000000009b800000| PB 0x000000009b800000| Complete 
| 441|0x000000009b900000, 0x000000009ba00000, 0x000000009ba00000|100%| E|CS|TAMS 0x000000009b900000| PB 0x000000009b900000| Complete 
| 442|0x000000009ba00000, 0x000000009bb00000, 0x000000009bb00000|100%| E|CS|TAMS 0x000000009ba00000| PB 0x000000009ba00000| Complete 
| 443|0x000000009bb00000, 0x000000009bc00000, 0x000000009bc00000|100%| E|CS|TAMS 0x000000009bb00000| PB 0x000000009bb00000| Complete 
| 444|0x000000009bc00000, 0x000000009bd00000, 0x000000009bd00000|100%| E|CS|TAMS 0x000000009bc00000| PB 0x000000009bc00000| Complete 
| 445|0x000000009bd00000, 0x000000009be00000, 0x000000009be00000|100%| E|CS|TAMS 0x000000009bd00000| PB 0x000000009bd00000| Complete 
| 446|0x000000009be00000, 0x000000009bf00000, 0x000000009bf00000|100%| E|CS|TAMS 0x000000009be00000| PB 0x000000009be00000| Complete 
| 447|0x000000009bf00000, 0x000000009c000000, 0x000000009c000000|100%| E|CS|TAMS 0x000000009bf00000| PB 0x000000009bf00000| Complete 
| 448|0x000000009c000000, 0x000000009c100000, 0x000000009c100000|100%| E|CS|TAMS 0x000000009c000000| PB 0x000000009c000000| Complete 
| 449|0x000000009c100000, 0x000000009c200000, 0x000000009c200000|100%| E|CS|TAMS 0x000000009c100000| PB 0x000000009c100000| Complete 
| 450|0x000000009c200000, 0x000000009c300000, 0x000000009c300000|100%| E|CS|TAMS 0x000000009c200000| PB 0x000000009c200000| Complete 
| 451|0x000000009c300000, 0x000000009c400000, 0x000000009c400000|100%| E|CS|TAMS 0x000000009c300000| PB 0x000000009c300000| Complete 
| 452|0x000000009c400000, 0x000000009c500000, 0x000000009c500000|100%| E|CS|TAMS 0x000000009c400000| PB 0x000000009c400000| Complete 
| 453|0x000000009c500000, 0x000000009c600000, 0x000000009c600000|100%| E|CS|TAMS 0x000000009c500000| PB 0x000000009c500000| Complete 
| 454|0x000000009c600000, 0x000000009c700000, 0x000000009c700000|100%| E|CS|TAMS 0x000000009c600000| PB 0x000000009c600000| Complete 
| 455|0x000000009c700000, 0x000000009c800000, 0x000000009c800000|100%| E|  |TAMS 0x000000009c700000| PB 0x000000009c700000| Complete 
| 456|0x000000009c800000, 0x000000009c900000, 0x000000009c900000|100%| E|CS|TAMS 0x000000009c800000| PB 0x000000009c800000| Complete 
| 457|0x000000009c900000, 0x000000009ca00000, 0x000000009ca00000|100%| E|CS|TAMS 0x000000009c900000| PB 0x000000009c900000| Complete 
| 458|0x000000009ca00000, 0x000000009cb00000, 0x000000009cb00000|100%| E|CS|TAMS 0x000000009ca00000| PB 0x000000009ca00000| Complete 
| 459|0x000000009cb00000, 0x000000009cc00000, 0x000000009cc00000|100%| E|CS|TAMS 0x000000009cb00000| PB 0x000000009cb00000| Complete 
| 460|0x000000009cc00000, 0x000000009cd00000, 0x000000009cd00000|100%| E|CS|TAMS 0x000000009cc00000| PB 0x000000009cc00000| Complete 
| 461|0x000000009cd00000, 0x000000009ce00000, 0x000000009ce00000|100%| E|CS|TAMS 0x000000009cd00000| PB 0x000000009cd00000| Complete 
| 462|0x000000009ce00000, 0x000000009cf00000, 0x000000009cf00000|100%| E|CS|TAMS 0x000000009ce00000| PB 0x000000009ce00000| Complete 
| 463|0x000000009cf00000, 0x000000009d000000, 0x000000009d000000|100%| E|CS|TAMS 0x000000009cf00000| PB 0x000000009cf00000| Complete 
| 464|0x000000009d000000, 0x000000009d100000, 0x000000009d100000|100%| E|CS|TAMS 0x000000009d000000| PB 0x000000009d000000| Complete 
| 465|0x000000009d100000, 0x000000009d200000, 0x000000009d200000|100%| E|CS|TAMS 0x000000009d100000| PB 0x000000009d100000| Complete 
| 466|0x000000009d200000, 0x000000009d300000, 0x000000009d300000|100%| E|CS|TAMS 0x000000009d200000| PB 0x000000009d200000| Complete 
| 467|0x000000009d300000, 0x000000009d400000, 0x000000009d400000|100%| E|CS|TAMS 0x000000009d300000| PB 0x000000009d300000| Complete 
| 468|0x000000009d400000, 0x000000009d500000, 0x000000009d500000|100%| E|CS|TAMS 0x000000009d400000| PB 0x000000009d400000| Complete 
| 469|0x000000009d500000, 0x000000009d600000, 0x000000009d600000|100%| E|CS|TAMS 0x000000009d500000| PB 0x000000009d500000| Complete 
| 470|0x000000009d600000, 0x000000009d700000, 0x000000009d700000|100%| E|CS|TAMS 0x000000009d600000| PB 0x000000009d600000| Complete 
| 471|0x000000009d700000, 0x000000009d800000, 0x000000009d800000|100%| E|CS|TAMS 0x000000009d700000| PB 0x000000009d700000| Complete 
| 472|0x000000009d800000, 0x000000009d900000, 0x000000009d900000|100%| E|CS|TAMS 0x000000009d800000| PB 0x000000009d800000| Complete 
| 473|0x000000009d900000, 0x000000009da00000, 0x000000009da00000|100%| E|CS|TAMS 0x000000009d900000| PB 0x000000009d900000| Complete 
| 474|0x000000009da00000, 0x000000009db00000, 0x000000009db00000|100%| E|CS|TAMS 0x000000009da00000| PB 0x000000009da00000| Complete 
| 475|0x000000009db00000, 0x000000009dc00000, 0x000000009dc00000|100%| E|CS|TAMS 0x000000009db00000| PB 0x000000009db00000| Complete 
| 476|0x000000009dc00000, 0x000000009dd00000, 0x000000009dd00000|100%| E|CS|TAMS 0x000000009dc00000| PB 0x000000009dc00000| Complete 
| 477|0x000000009dd00000, 0x000000009de00000, 0x000000009de00000|100%| E|CS|TAMS 0x000000009dd00000| PB 0x000000009dd00000| Complete 
| 478|0x000000009de00000, 0x000000009df00000, 0x000000009df00000|100%| E|CS|TAMS 0x000000009de00000| PB 0x000000009de00000| Complete 
| 479|0x000000009df00000, 0x000000009e000000, 0x000000009e000000|100%| E|CS|TAMS 0x000000009df00000| PB 0x000000009df00000| Complete 
| 480|0x000000009e000000, 0x000000009e100000, 0x000000009e100000|100%| E|CS|TAMS 0x000000009e000000| PB 0x000000009e000000| Complete 
| 481|0x000000009e100000, 0x000000009e200000, 0x000000009e200000|100%| E|CS|TAMS 0x000000009e100000| PB 0x000000009e100000| Complete 
| 482|0x000000009e200000, 0x000000009e300000, 0x000000009e300000|100%| E|CS|TAMS 0x000000009e200000| PB 0x000000009e200000| Complete 
| 483|0x000000009e300000, 0x000000009e400000, 0x000000009e400000|100%| E|CS|TAMS 0x000000009e300000| PB 0x000000009e300000| Complete 
| 484|0x000000009e400000, 0x000000009e500000, 0x000000009e500000|100%| E|CS|TAMS 0x000000009e400000| PB 0x000000009e400000| Complete 
| 485|0x000000009e500000, 0x000000009e600000, 0x000000009e600000|100%| E|CS|TAMS 0x000000009e500000| PB 0x000000009e500000| Complete 
| 486|0x000000009e600000, 0x000000009e700000, 0x000000009e700000|100%| E|CS|TAMS 0x000000009e600000| PB 0x000000009e600000| Complete 
| 487|0x000000009e700000, 0x000000009e800000, 0x000000009e800000|100%| E|CS|TAMS 0x000000009e700000| PB 0x000000009e700000| Complete 
| 488|0x000000009e800000, 0x000000009e900000, 0x000000009e900000|100%| E|CS|TAMS 0x000000009e800000| PB 0x000000009e800000| Complete 
| 489|0x000000009e900000, 0x000000009ea00000, 0x000000009ea00000|100%| E|CS|TAMS 0x000000009e900000| PB 0x000000009e900000| Complete 
| 490|0x000000009ea00000, 0x000000009eb00000, 0x000000009eb00000|100%| E|CS|TAMS 0x000000009ea00000| PB 0x000000009ea00000| Complete 
| 491|0x000000009eb00000, 0x000000009ec00000, 0x000000009ec00000|100%| E|CS|TAMS 0x000000009eb00000| PB 0x000000009eb00000| Complete 
| 492|0x000000009ec00000, 0x000000009ed00000, 0x000000009ed00000|100%| E|CS|TAMS 0x000000009ec00000| PB 0x000000009ec00000| Complete 
| 493|0x000000009ed00000, 0x000000009ee00000, 0x000000009ee00000|100%| E|CS|TAMS 0x000000009ed00000| PB 0x000000009ed00000| Complete 
| 494|0x000000009ee00000, 0x000000009ef00000, 0x000000009ef00000|100%| E|CS|TAMS 0x000000009ee00000| PB 0x000000009ee00000| Complete 
| 495|0x000000009ef00000, 0x000000009f000000, 0x000000009f000000|100%| E|CS|TAMS 0x000000009ef00000| PB 0x000000009ef00000| Complete 
| 496|0x000000009f000000, 0x000000009f100000, 0x000000009f100000|100%| E|CS|TAMS 0x000000009f000000| PB 0x000000009f000000| Complete 
| 497|0x000000009f100000, 0x000000009f200000, 0x000000009f200000|100%| E|CS|TAMS 0x000000009f100000| PB 0x000000009f100000| Complete 
| 498|0x000000009f200000, 0x000000009f300000, 0x000000009f300000|100%| E|CS|TAMS 0x000000009f200000| PB 0x000000009f200000| Complete 
| 499|0x000000009f300000, 0x000000009f400000, 0x000000009f400000|100%| E|CS|TAMS 0x000000009f300000| PB 0x000000009f300000| Complete 
| 500|0x000000009f400000, 0x000000009f500000, 0x000000009f500000|100%| E|CS|TAMS 0x000000009f400000| PB 0x000000009f400000| Complete 
| 501|0x000000009f500000, 0x000000009f600000, 0x000000009f600000|100%| E|CS|TAMS 0x000000009f500000| PB 0x000000009f500000| Complete 
| 502|0x000000009f600000, 0x000000009f700000, 0x000000009f700000|100%| E|CS|TAMS 0x000000009f600000| PB 0x000000009f600000| Complete 
| 503|0x000000009f700000, 0x000000009f800000, 0x000000009f800000|100%| E|CS|TAMS 0x000000009f700000| PB 0x000000009f700000| Complete 
| 504|0x000000009f800000, 0x000000009f900000, 0x000000009f900000|100%| E|CS|TAMS 0x000000009f800000| PB 0x000000009f800000| Complete 
| 505|0x000000009f900000, 0x000000009fa00000, 0x000000009fa00000|100%| E|CS|TAMS 0x000000009f900000| PB 0x000000009f900000| Complete 
| 506|0x000000009fa00000, 0x000000009fb00000, 0x000000009fb00000|100%| E|CS|TAMS 0x000000009fa00000| PB 0x000000009fa00000| Complete 
| 507|0x000000009fb00000, 0x000000009fc00000, 0x000000009fc00000|100%| E|CS|TAMS 0x000000009fb00000| PB 0x000000009fb00000| Complete 
| 508|0x000000009fc00000, 0x000000009fd00000, 0x000000009fd00000|100%| E|CS|TAMS 0x000000009fc00000| PB 0x000000009fc00000| Complete 
| 509|0x000000009fd00000, 0x000000009fe00000, 0x000000009fe00000|100%| E|CS|TAMS 0x000000009fd00000| PB 0x000000009fd00000| Complete 
| 510|0x000000009fe00000, 0x000000009ff00000, 0x000000009ff00000|100%| E|CS|TAMS 0x000000009fe00000| PB 0x000000009fe00000| Complete 
| 511|0x000000009ff00000, 0x00000000a0000000, 0x00000000a0000000|100%| E|CS|TAMS 0x000000009ff00000| PB 0x000000009ff00000| Complete 
| 512|0x00000000a0000000, 0x00000000a0100000, 0x00000000a0100000|100%| E|CS|TAMS 0x00000000a0000000| PB 0x00000000a0000000| Complete 
| 513|0x00000000a0100000, 0x00000000a0200000, 0x00000000a0200000|100%| E|CS|TAMS 0x00000000a0100000| PB 0x00000000a0100000| Complete 
| 514|0x00000000a0200000, 0x00000000a0300000, 0x00000000a0300000|100%| E|CS|TAMS 0x00000000a0200000| PB 0x00000000a0200000| Complete 
| 515|0x00000000a0300000, 0x00000000a0400000, 0x00000000a0400000|100%| E|CS|TAMS 0x00000000a0300000| PB 0x00000000a0300000| Complete 
| 516|0x00000000a0400000, 0x00000000a0500000, 0x00000000a0500000|100%| E|CS|TAMS 0x00000000a0400000| PB 0x00000000a0400000| Complete 
| 517|0x00000000a0500000, 0x00000000a0600000, 0x00000000a0600000|100%| E|CS|TAMS 0x00000000a0500000| PB 0x00000000a0500000| Complete 
| 518|0x00000000a0600000, 0x00000000a0700000, 0x00000000a0700000|100%| E|CS|TAMS 0x00000000a0600000| PB 0x00000000a0600000| Complete 
| 519|0x00000000a0700000, 0x00000000a0800000, 0x00000000a0800000|100%| E|CS|TAMS 0x00000000a0700000| PB 0x00000000a0700000| Complete 
| 520|0x00000000a0800000, 0x00000000a0900000, 0x00000000a0900000|100%| E|CS|TAMS 0x00000000a0800000| PB 0x00000000a0800000| Complete 
| 521|0x00000000a0900000, 0x00000000a0a00000, 0x00000000a0a00000|100%| E|CS|TAMS 0x00000000a0900000| PB 0x00000000a0900000| Complete 
| 522|0x00000000a0a00000, 0x00000000a0b00000, 0x00000000a0b00000|100%| E|CS|TAMS 0x00000000a0a00000| PB 0x00000000a0a00000| Complete 
| 523|0x00000000a0b00000, 0x00000000a0c00000, 0x00000000a0c00000|100%| E|CS|TAMS 0x00000000a0b00000| PB 0x00000000a0b00000| Complete 
| 524|0x00000000a0c00000, 0x00000000a0d00000, 0x00000000a0d00000|100%| E|CS|TAMS 0x00000000a0c00000| PB 0x00000000a0c00000| Complete 
| 525|0x00000000a0d00000, 0x00000000a0e00000, 0x00000000a0e00000|100%| E|CS|TAMS 0x00000000a0d00000| PB 0x00000000a0d00000| Complete 
| 526|0x00000000a0e00000, 0x00000000a0f00000, 0x00000000a0f00000|100%| E|CS|TAMS 0x00000000a0e00000| PB 0x00000000a0e00000| Complete 
| 527|0x00000000a0f00000, 0x00000000a1000000, 0x00000000a1000000|100%| E|CS|TAMS 0x00000000a0f00000| PB 0x00000000a0f00000| Complete 
| 528|0x00000000a1000000, 0x00000000a1100000, 0x00000000a1100000|100%| E|CS|TAMS 0x00000000a1000000| PB 0x00000000a1000000| Complete 
| 529|0x00000000a1100000, 0x00000000a1200000, 0x00000000a1200000|100%| E|CS|TAMS 0x00000000a1100000| PB 0x00000000a1100000| Complete 
| 530|0x00000000a1200000, 0x00000000a1300000, 0x00000000a1300000|100%| E|CS|TAMS 0x00000000a1200000| PB 0x00000000a1200000| Complete 
| 531|0x00000000a1300000, 0x00000000a1400000, 0x00000000a1400000|100%| E|CS|TAMS 0x00000000a1300000| PB 0x00000000a1300000| Complete 
| 532|0x00000000a1400000, 0x00000000a1500000, 0x00000000a1500000|100%| E|CS|TAMS 0x00000000a1400000| PB 0x00000000a1400000| Complete 
| 533|0x00000000a1500000, 0x00000000a1600000, 0x00000000a1600000|100%| E|CS|TAMS 0x00000000a1500000| PB 0x00000000a1500000| Complete 
| 534|0x00000000a1600000, 0x00000000a1700000, 0x00000000a1700000|100%| E|CS|TAMS 0x00000000a1600000| PB 0x00000000a1600000| Complete 
| 535|0x00000000a1700000, 0x00000000a1800000, 0x00000000a1800000|100%| E|CS|TAMS 0x00000000a1700000| PB 0x00000000a1700000| Complete 
| 536|0x00000000a1800000, 0x00000000a1900000, 0x00000000a1900000|100%| E|CS|TAMS 0x00000000a1800000| PB 0x00000000a1800000| Complete 
| 537|0x00000000a1900000, 0x00000000a1a00000, 0x00000000a1a00000|100%| E|CS|TAMS 0x00000000a1900000| PB 0x00000000a1900000| Complete 
| 538|0x00000000a1a00000, 0x00000000a1b00000, 0x00000000a1b00000|100%| E|CS|TAMS 0x00000000a1a00000| PB 0x00000000a1a00000| Complete 
| 539|0x00000000a1b00000, 0x00000000a1c00000, 0x00000000a1c00000|100%| E|CS|TAMS 0x00000000a1b00000| PB 0x00000000a1b00000| Complete 
| 540|0x00000000a1c00000, 0x00000000a1d00000, 0x00000000a1d00000|100%| E|CS|TAMS 0x00000000a1c00000| PB 0x00000000a1c00000| Complete 
| 541|0x00000000a1d00000, 0x00000000a1e00000, 0x00000000a1e00000|100%| E|CS|TAMS 0x00000000a1d00000| PB 0x00000000a1d00000| Complete 
| 542|0x00000000a1e00000, 0x00000000a1f00000, 0x00000000a1f00000|100%| E|CS|TAMS 0x00000000a1e00000| PB 0x00000000a1e00000| Complete 
| 543|0x00000000a1f00000, 0x00000000a2000000, 0x00000000a2000000|100%| E|CS|TAMS 0x00000000a1f00000| PB 0x00000000a1f00000| Complete 
| 544|0x00000000a2000000, 0x00000000a2100000, 0x00000000a2100000|100%| E|CS|TAMS 0x00000000a2000000| PB 0x00000000a2000000| Complete 
| 545|0x00000000a2100000, 0x00000000a2200000, 0x00000000a2200000|100%| E|CS|TAMS 0x00000000a2100000| PB 0x00000000a2100000| Complete 
| 546|0x00000000a2200000, 0x00000000a2300000, 0x00000000a2300000|100%| E|CS|TAMS 0x00000000a2200000| PB 0x00000000a2200000| Complete 
| 547|0x00000000a2300000, 0x00000000a2400000, 0x00000000a2400000|100%| E|CS|TAMS 0x00000000a2300000| PB 0x00000000a2300000| Complete 
| 548|0x00000000a2400000, 0x00000000a2500000, 0x00000000a2500000|100%| E|CS|TAMS 0x00000000a2400000| PB 0x00000000a2400000| Complete 
| 549|0x00000000a2500000, 0x00000000a2600000, 0x00000000a2600000|100%| E|CS|TAMS 0x00000000a2500000| PB 0x00000000a2500000| Complete 
| 550|0x00000000a2600000, 0x00000000a2700000, 0x00000000a2700000|100%| E|CS|TAMS 0x00000000a2600000| PB 0x00000000a2600000| Complete 
| 551|0x00000000a2700000, 0x00000000a2800000, 0x00000000a2800000|100%| E|CS|TAMS 0x00000000a2700000| PB 0x00000000a2700000| Complete 
| 552|0x00000000a2800000, 0x00000000a2900000, 0x00000000a2900000|100%| E|CS|TAMS 0x00000000a2800000| PB 0x00000000a2800000| Complete 
| 553|0x00000000a2900000, 0x00000000a2a00000, 0x00000000a2a00000|100%| E|CS|TAMS 0x00000000a2900000| PB 0x00000000a2900000| Complete 
| 554|0x00000000a2a00000, 0x00000000a2b00000, 0x00000000a2b00000|100%| E|CS|TAMS 0x00000000a2a00000| PB 0x00000000a2a00000| Complete 
| 555|0x00000000a2b00000, 0x00000000a2c00000, 0x00000000a2c00000|100%| E|CS|TAMS 0x00000000a2b00000| PB 0x00000000a2b00000| Complete 
| 556|0x00000000a2c00000, 0x00000000a2d00000, 0x00000000a2d00000|100%| E|CS|TAMS 0x00000000a2c00000| PB 0x00000000a2c00000| Complete 
| 557|0x00000000a2d00000, 0x00000000a2e00000, 0x00000000a2e00000|100%| E|CS|TAMS 0x00000000a2d00000| PB 0x00000000a2d00000| Complete 
| 558|0x00000000a2e00000, 0x00000000a2f00000, 0x00000000a2f00000|100%| E|CS|TAMS 0x00000000a2e00000| PB 0x00000000a2e00000| Complete 
| 559|0x00000000a2f00000, 0x00000000a3000000, 0x00000000a3000000|100%| E|CS|TAMS 0x00000000a2f00000| PB 0x00000000a2f00000| Complete 
| 560|0x00000000a3000000, 0x00000000a3100000, 0x00000000a3100000|100%| E|CS|TAMS 0x00000000a3000000| PB 0x00000000a3000000| Complete 
| 561|0x00000000a3100000, 0x00000000a3200000, 0x00000000a3200000|100%| E|CS|TAMS 0x00000000a3100000| PB 0x00000000a3100000| Complete 
| 562|0x00000000a3200000, 0x00000000a3300000, 0x00000000a3300000|100%| E|CS|TAMS 0x00000000a3200000| PB 0x00000000a3200000| Complete 
| 563|0x00000000a3300000, 0x00000000a3400000, 0x00000000a3400000|100%| E|CS|TAMS 0x00000000a3300000| PB 0x00000000a3300000| Complete 
| 564|0x00000000a3400000, 0x00000000a3500000, 0x00000000a3500000|100%| E|CS|TAMS 0x00000000a3400000| PB 0x00000000a3400000| Complete 
| 565|0x00000000a3500000, 0x00000000a3600000, 0x00000000a3600000|100%| E|CS|TAMS 0x00000000a3500000| PB 0x00000000a3500000| Complete 
| 566|0x00000000a3600000, 0x00000000a3700000, 0x00000000a3700000|100%| E|CS|TAMS 0x00000000a3600000| PB 0x00000000a3600000| Complete 
| 567|0x00000000a3700000, 0x00000000a3800000, 0x00000000a3800000|100%| E|CS|TAMS 0x00000000a3700000| PB 0x00000000a3700000| Complete 
| 568|0x00000000a3800000, 0x00000000a3900000, 0x00000000a3900000|100%| E|CS|TAMS 0x00000000a3800000| PB 0x00000000a3800000| Complete 
| 569|0x00000000a3900000, 0x00000000a3a00000, 0x00000000a3a00000|100%| S|CS|TAMS 0x00000000a3900000| PB 0x00000000a3900000| Complete 
| 570|0x00000000a3a00000, 0x00000000a3b00000, 0x00000000a3b00000|100%| S|CS|TAMS 0x00000000a3a00000| PB 0x00000000a3a00000| Complete 
| 571|0x00000000a3b00000, 0x00000000a3c00000, 0x00000000a3c00000|100%| S|CS|TAMS 0x00000000a3b00000| PB 0x00000000a3b00000| Complete 
| 572|0x00000000a3c00000, 0x00000000a3d00000, 0x00000000a3d00000|100%| E|CS|TAMS 0x00000000a3c00000| PB 0x00000000a3c00000| Complete 
| 573|0x00000000a3d00000, 0x00000000a3e00000, 0x00000000a3e00000|100%| E|CS|TAMS 0x00000000a3d00000| PB 0x00000000a3d00000| Complete 
| 574|0x00000000a3e00000, 0x00000000a3f00000, 0x00000000a3f00000|100%| E|CS|TAMS 0x00000000a3e00000| PB 0x00000000a3e00000| Complete 
| 575|0x00000000a3f00000, 0x00000000a4000000, 0x00000000a4000000|100%| E|CS|TAMS 0x00000000a3f00000| PB 0x00000000a3f00000| Complete 
| 576|0x00000000a4000000, 0x00000000a4100000, 0x00000000a4100000|100%| E|CS|TAMS 0x00000000a4000000| PB 0x00000000a4000000| Complete 
| 577|0x00000000a4100000, 0x00000000a4200000, 0x00000000a4200000|100%| E|CS|TAMS 0x00000000a4100000| PB 0x00000000a4100000| Complete 
| 578|0x00000000a4200000, 0x00000000a4300000, 0x00000000a4300000|100%| E|CS|TAMS 0x00000000a4200000| PB 0x00000000a4200000| Complete 
| 579|0x00000000a4300000, 0x00000000a4400000, 0x00000000a4400000|100%| E|CS|TAMS 0x00000000a4300000| PB 0x00000000a4300000| Complete 
| 580|0x00000000a4400000, 0x00000000a4500000, 0x00000000a4500000|100%| E|CS|TAMS 0x00000000a4400000| PB 0x00000000a4400000| Complete 
| 581|0x00000000a4500000, 0x00000000a4600000, 0x00000000a4600000|100%| E|CS|TAMS 0x00000000a4500000| PB 0x00000000a4500000| Complete 
| 582|0x00000000a4600000, 0x00000000a4700000, 0x00000000a4700000|100%| E|CS|TAMS 0x00000000a4600000| PB 0x00000000a4600000| Complete 
| 583|0x00000000a4700000, 0x00000000a4800000, 0x00000000a4800000|100%| E|CS|TAMS 0x00000000a4700000| PB 0x00000000a4700000| Complete 
| 584|0x00000000a4800000, 0x00000000a4900000, 0x00000000a4900000|100%| E|CS|TAMS 0x00000000a4800000| PB 0x00000000a4800000| Complete 
| 585|0x00000000a4900000, 0x00000000a4a00000, 0x00000000a4a00000|100%| E|CS|TAMS 0x00000000a4900000| PB 0x00000000a4900000| Complete 
| 586|0x00000000a4a00000, 0x00000000a4b00000, 0x00000000a4b00000|100%| E|CS|TAMS 0x00000000a4a00000| PB 0x00000000a4a00000| Complete 
| 587|0x00000000a4b00000, 0x00000000a4c00000, 0x00000000a4c00000|100%| E|CS|TAMS 0x00000000a4b00000| PB 0x00000000a4b00000| Complete 
| 588|0x00000000a4c00000, 0x00000000a4d00000, 0x00000000a4d00000|100%| E|CS|TAMS 0x00000000a4c00000| PB 0x00000000a4c00000| Complete 
| 589|0x00000000a4d00000, 0x00000000a4e00000, 0x00000000a4e00000|100%| E|CS|TAMS 0x00000000a4d00000| PB 0x00000000a4d00000| Complete 
|2030|0x00000000fee00000, 0x00000000fef00000, 0x00000000fef00000|100%| O|Cm|TAMS 0x00000000fee00000| PB 0x00000000fee00000| Complete 
|2031|0x00000000fef00000, 0x00000000ff000000, 0x00000000ff000000|100%| O|Cm|TAMS 0x00000000fef00000| PB 0x00000000fef00000| Complete 
|2032|0x00000000ff000000, 0x00000000ff100000, 0x00000000ff100000|100%| O|  |TAMS 0x00000000ff000000| PB 0x00000000ff000000| Untracked 
|2033|0x00000000ff100000, 0x00000000ff200000, 0x00000000ff200000|100%| O|  |TAMS 0x00000000ff100000| PB 0x00000000ff100000| Untracked 
|2034|0x00000000ff200000, 0x00000000ff300000, 0x00000000ff300000|100%| O|Cm|TAMS 0x00000000ff200000| PB 0x00000000ff200000| Complete 
|2035|0x00000000ff300000, 0x00000000ff400000, 0x00000000ff400000|100%| O|Cm|TAMS 0x00000000ff300000| PB 0x00000000ff300000| Complete 
|2036|0x00000000ff400000, 0x00000000ff500000, 0x00000000ff500000|100%| O|Cm|TAMS 0x00000000ff400000| PB 0x00000000ff400000| Complete 
|2037|0x00000000ff500000, 0x00000000ff600000, 0x00000000ff600000|100%| E|CS|TAMS 0x00000000ff500000| PB 0x00000000ff500000| Complete 
|2038|0x00000000ff600000, 0x00000000ff700000, 0x00000000ff700000|100%| E|CS|TAMS 0x00000000ff600000| PB 0x00000000ff600000| Complete 
|2039|0x00000000ff700000, 0x00000000ff800000, 0x00000000ff800000|100%| E|CS|TAMS 0x00000000ff700000| PB 0x00000000ff700000| Complete 
|2040|0x00000000ff800000, 0x00000000ff900000, 0x00000000ff900000|100%| O|Cm|TAMS 0x00000000ff800000| PB 0x00000000ff800000| Complete 
|2041|0x00000000ff900000, 0x00000000ffa00000, 0x00000000ffa00000|100%| O|Cm|TAMS 0x00000000ff900000| PB 0x00000000ff900000| Complete 
|2042|0x00000000ffa00000, 0x00000000ffb00000, 0x00000000ffb00000|100%| O|Cm|TAMS 0x00000000ffa00000| PB 0x00000000ffa00000| Complete 
|2043|0x00000000ffb00000, 0x00000000ffc00000, 0x00000000ffc00000|100%| E|CS|TAMS 0x00000000ffb00000| PB 0x00000000ffb00000| Complete 
|2044|0x00000000ffc00000, 0x00000000ffd00000, 0x00000000ffd00000|100%| E|CS|TAMS 0x00000000ffc00000| PB 0x00000000ffc00000| Complete 
|2045|0x00000000ffd00000, 0x00000000ffe00000, 0x00000000ffe00000|100%| E|CS|TAMS 0x00000000ffd00000| PB 0x00000000ffd00000| Complete 
|2046|0x00000000ffe00000, 0x00000000fff00000, 0x00000000fff00000|100%| E|CS|TAMS 0x00000000ffe00000| PB 0x00000000ffe00000| Complete 
|2047|0x00000000fff00000, 0x0000000100000000, 0x0000000100000000|100%| E|CS|TAMS 0x00000000fff00000| PB 0x00000000fff00000| Complete 

Card table byte_map: [0x000002297e240000,0x000002297e640000] _byte_map_base: 0x000002297de40000

Marking Bits: (CMBitMap*) 0x000002296496b2d0
 Bits: [0x0000022900000000, 0x0000022902000000)

Polling page: 0x0000022966160000

Metaspace:

Usage:
  Non-class:    129.66 MB used.
      Class:     19.37 MB used.
       Both:    149.03 MB used.

Virtual space:
  Non-class space:      192.00 MB reserved,     130.81 MB ( 68%) committed,  3 nodes.
      Class space:      416.00 MB reserved,      20.88 MB (  5%) committed,  1 nodes.
             Both:      608.00 MB reserved,     151.69 MB ( 25%) committed. 

Chunk freelists:
   Non-Class:  12.48 MB
       Class:  11.62 MB
        Both:  24.10 MB

MaxMetaspaceSize: 512.00 MB
CompressedClassSpaceSize: 416.00 MB
Initial GC threshold: 21.00 MB
Current GC threshold: 246.25 MB
CDS: on
 - commit_granule_bytes: 65536.
 - commit_granule_words: 8192.
 - virtual_space_node_default_size: 8388608.
 - enlarge_chunks_in_place: 1.
 - use_allocation_guard: 0.


Internal statistics:

num_allocs_failed_limit: 6.
num_arena_births: 6442.
num_arena_deaths: 2776.
num_vsnodes_births: 4.
num_vsnodes_deaths: 0.
num_space_committed: 2428.
num_space_uncommitted: 2.
num_chunks_returned_to_freelist: 3223.
num_chunks_taken_from_freelist: 15076.
num_chunk_merges: 1118.
num_chunk_splits: 8845.
num_chunks_enlarged: 5261.
num_inconsistent_stats: 0.

CodeHeap 'non-profiled nmethods': size=120000Kb used=21079Kb max_used=22309Kb free=98920Kb
 bounds [0x0000022976910000, 0x0000022977f00000, 0x000002297de40000]
CodeHeap 'profiled nmethods': size=120000Kb used=45841Kb max_used=51238Kb free=74158Kb
 bounds [0x000002296ee40000, 0x0000022972050000, 0x0000022976370000]
CodeHeap 'non-nmethods': size=5760Kb used=2380Kb max_used=2464Kb free=3379Kb
 bounds [0x0000022976370000, 0x00000229765e0000, 0x0000022976910000]
 total_blobs=22775 nmethods=21736 adapters=941
 compilation: enabled
              stopped_count=0, restarted_count=0
 full_count=0

Compilation events (20 events):
Event: 2450.313 Thread 0x000002297eb613b0 33706   !   3       sun.nio.fs.WindowsNativeDispatcher::GetVolumePathName (43 bytes)
Event: 2450.313 Thread 0x000002297eb613b0 nmethod 33706 0x000002296fb60410 code [0x000002296fb60620, 0x000002296fb60ad8]
Event: 2450.319 Thread 0x000002297eb613b0 33707       3       java.nio.file.FileStore::<init> (5 bytes)
Event: 2450.319 Thread 0x000002297eb613b0 nmethod 33707 0x0000022970028c10 code [0x0000022970028dc0, 0x0000022970028f28]
Event: 2450.319 Thread 0x000002297eb613b0 33708   !   3       sun.nio.fs.WindowsNativeDispatcher::GetVolumeInformation (53 bytes)
Event: 2450.319 Thread 0x000002297eb613b0 nmethod 33708 0x000002296f650e10 code [0x000002296f651040, 0x000002296f651628]
Event: 2450.319 Thread 0x000002297eb613b0 33709       3       sun.nio.fs.WindowsNativeDispatcher$VolumeInformation::<init> (5 bytes)
Event: 2450.320 Thread 0x000002297eb613b0 nmethod 33709 0x000002297006de90 code [0x000002297006e040, 0x000002297006e1a8]
Event: 2450.320 Thread 0x000002297eb613b0 33710       3       jdk.nio.zipfs.ZipCoder::get (30 bytes)
Event: 2450.320 Thread 0x000002297eb613b0 nmethod 33710 0x000002296f71aa10 code [0x000002296f71ac80, 0x000002296f71b5e0]
Event: 2450.320 Thread 0x000002297eb613b0 33711       3       jdk.nio.zipfs.ZipFileSystemProvider::newFileSystem (13 bytes)
Event: 2450.320 Thread 0x000002297eb613b0 nmethod 33711 0x000002296fe1fd90 code [0x000002296fe1ffc0, 0x000002296fe20760]
Event: 2450.330 Thread 0x000002297eb613b0 33712       3       jdk.nio.zipfs.ZipPath::normalize (99 bytes)
Event: 2450.331 Thread 0x000002297eb613b0 nmethod 33712 0x000002296fb5e910 code [0x000002296fb5eb20, 0x000002296fb5efa0]
Event: 2450.331 Thread 0x000002297eb613b0 33713   !   3       jdk.nio.zipfs.ZipFileSystem::isMultiReleaseJar (71 bytes)
Event: 2450.331 Thread 0x000002297eb613b0 nmethod 33713 0x0000022970987290 code [0x0000022970987520, 0x0000022970987f40]
Event: 2450.331 Thread 0x000002297eb613b0 33714       3       com.sun.tools.javac.file.JavacFileManager$ArchiveContainer$1::<init> (20 bytes)
Event: 2450.332 Thread 0x000002297eb613b0 nmethod 33714 0x000002296fdbdd10 code [0x000002296fdbdec0, 0x000002296fdbe198]
Event: 2450.339 Thread 0x000002297eb613b0 33715       3       jdk.nio.zipfs.ZipPath::<init> (8 bytes)
Event: 2450.339 Thread 0x000002297eb613b0 nmethod 33715 0x0000022970e39210 code [0x0000022970e393c0, 0x0000022970e39500]

GC Heap History (20 events):
Event: 1558.869 GC heap before
{Heap before GC invocations=71 (full 0):
 garbage-first heap   total 490496K, used 441344K [0x0000000080000000, 0x0000000100000000)
  region size 1024K, 160 young (163840K), 23 survivors (23552K)
 Metaspace       used 142923K, committed 146240K, reserved 557056K
  class space    used 19246K, committed 20928K, reserved 425984K
}
Event: 1558.910 GC heap after
{Heap after GC invocations=72 (full 0):
 garbage-first heap   total 491520K, used 316416K [0x0000000080000000, 0x0000000100000000)
  region size 1024K, 20 young (20480K), 20 survivors (20480K)
 Metaspace       used 142923K, committed 146240K, reserved 557056K
  class space    used 19246K, committed 20928K, reserved 425984K
}
Event: 1559.939 GC heap before
{Heap before GC invocations=72 (full 0):
 garbage-first heap   total 491520K, used 442368K [0x0000000080000000, 0x0000000100000000)
  region size 1024K, 144 young (147456K), 20 survivors (20480K)
 Metaspace       used 143476K, committed 146752K, reserved 557056K
  class space    used 19277K, committed 20928K, reserved 425984K
}
Event: 1559.959 GC heap after
{Heap after GC invocations=73 (full 0):
 garbage-first heap   total 491520K, used 322560K [0x0000000080000000, 0x0000000100000000)
  region size 1024K, 5 young (5120K), 5 survivors (5120K)
 Metaspace       used 143476K, committed 146752K, reserved 557056K
  class space    used 19277K, committed 20928K, reserved 425984K
}
Event: 1583.088 GC heap before
{Heap before GC invocations=74 (full 0):
 garbage-first heap   total 608256K, used 557056K [0x0000000080000000, 0x0000000100000000)
  region size 1024K, 131 young (134144K), 5 survivors (5120K)
 Metaspace       used 145458K, committed 148672K, reserved 557056K
  class space    used 19504K, committed 21120K, reserved 425984K
}
Event: 1583.095 GC heap after
{Heap after GC invocations=75 (full 0):
 garbage-first heap   total 608256K, used 322967K [0x0000000080000000, 0x0000000100000000)
  region size 1024K, 7 young (7168K), 7 survivors (7168K)
 Metaspace       used 145458K, committed 148672K, reserved 557056K
  class space    used 19504K, committed 21120K, reserved 425984K
}
Event: 1660.710 GC heap before
{Heap before GC invocations=75 (full 0):
 garbage-first heap   total 608256K, used 557463K [0x0000000080000000, 0x0000000100000000)
  region size 1024K, 237 young (242688K), 7 survivors (7168K)
 Metaspace       used 146081K, committed 149376K, reserved 557056K
  class space    used 19545K, committed 21184K, reserved 425984K
}
Event: 1660.755 GC heap after
{Heap after GC invocations=76 (full 0):
 garbage-first heap   total 615424K, used 311296K [0x0000000080000000, 0x0000000100000000)
  region size 1024K, 30 young (30720K), 30 survivors (30720K)
 Metaspace       used 146081K, committed 149376K, reserved 557056K
  class space    used 19545K, committed 21184K, reserved 425984K
}
Event: 1662.498 GC heap before
{Heap before GC invocations=76 (full 0):
 garbage-first heap   total 615424K, used 547840K [0x0000000080000000, 0x0000000100000000)
  region size 1024K, 262 young (268288K), 30 survivors (30720K)
 Metaspace       used 146395K, committed 149760K, reserved 557056K
  class space    used 19556K, committed 21248K, reserved 425984K
}
Event: 1662.555 GC heap after
{Heap after GC invocations=77 (full 0):
 garbage-first heap   total 615424K, used 325632K [0x0000000080000000, 0x0000000100000000)
  region size 1024K, 24 young (24576K), 24 survivors (24576K)
 Metaspace       used 146395K, committed 149760K, reserved 557056K
  class space    used 19556K, committed 21248K, reserved 425984K
}
Event: 2230.330 GC heap before
{Heap before GC invocations=77 (full 0):
 garbage-first heap   total 615424K, used 544768K [0x0000000080000000, 0x0000000100000000)
  region size 1024K, 239 young (244736K), 24 survivors (24576K)
 Metaspace       used 147057K, committed 150464K, reserved 557056K
  class space    used 19622K, committed 21312K, reserved 425984K
}
Event: 2230.358 GC heap after
{Heap after GC invocations=78 (full 0):
 garbage-first heap   total 615424K, used 337408K [0x0000000080000000, 0x0000000100000000)
  region size 1024K, 15 young (15360K), 15 survivors (15360K)
 Metaspace       used 147057K, committed 150464K, reserved 557056K
  class space    used 19622K, committed 21312K, reserved 425984K
}
Event: 2247.172 GC heap before
{Heap before GC invocations=79 (full 0):
 garbage-first heap   total 615424K, used 527872K [0x0000000080000000, 0x0000000100000000)
  region size 1024K, 226 young (231424K), 15 survivors (15360K)
 Metaspace       used 144648K, committed 150464K, reserved 557056K
  class space    used 19000K, committed 21312K, reserved 425984K
}
Event: 2247.202 GC heap after
{Heap after GC invocations=80 (full 0):
 garbage-first heap   total 615424K, used 335360K [0x0000000080000000, 0x0000000100000000)
  region size 1024K, 29 young (29696K), 29 survivors (29696K)
 Metaspace       used 144648K, committed 150464K, reserved 557056K
  class space    used 19000K, committed 21312K, reserved 425984K
}
Event: 2434.641 GC heap before
{Heap before GC invocations=80 (full 0):
 garbage-first heap   total 615424K, used 547328K [0x0000000080000000, 0x0000000100000000)
  region size 1024K, 237 young (242688K), 29 survivors (29696K)
 Metaspace       used 145045K, committed 150528K, reserved 557056K
  class space    used 19020K, committed 21312K, reserved 425984K
}
Event: 2434.700 GC heap after
{Heap after GC invocations=81 (full 0):
 garbage-first heap   total 622592K, used 316928K [0x0000000080000000, 0x0000000100000000)
  region size 1024K, 29 young (29696K), 29 survivors (29696K)
 Metaspace       used 145045K, committed 150528K, reserved 557056K
  class space    used 19020K, committed 21312K, reserved 425984K
}
Event: 2443.321 GC heap before
{Heap before GC invocations=81 (full 0):
 garbage-first heap   total 622592K, used 551424K [0x0000000080000000, 0x0000000100000000)
  region size 1024K, 253 young (259072K), 29 survivors (29696K)
 Metaspace       used 147550K, committed 150976K, reserved 557056K
  class space    used 19240K, committed 21312K, reserved 425984K
}
Event: 2443.380 GC heap after
{Heap after GC invocations=82 (full 0):
 garbage-first heap   total 622592K, used 352256K [0x0000000080000000, 0x0000000100000000)
  region size 1024K, 32 young (32768K), 32 survivors (32768K)
 Metaspace       used 147550K, committed 150976K, reserved 557056K
  class space    used 19240K, committed 21312K, reserved 425984K
}
Event: 2443.886 GC heap before
{Heap before GC invocations=82 (full 0):
 garbage-first heap   total 622592K, used 374784K [0x0000000080000000, 0x0000000100000000)
  region size 1024K, 56 young (57344K), 32 survivors (32768K)
 Metaspace       used 147835K, committed 151168K, reserved 557056K
  class space    used 19269K, committed 21312K, reserved 425984K
}
Event: 2443.910 GC heap after
{Heap after GC invocations=83 (full 0):
 garbage-first heap   total 622592K, used 344576K [0x0000000080000000, 0x0000000100000000)
  region size 1024K, 3 young (3072K), 3 survivors (3072K)
 Metaspace       used 147835K, committed 151168K, reserved 557056K
  class space    used 19269K, committed 21312K, reserved 425984K
}

Dll operation events (16 events):
Event: 0.019 Loaded shared library C:\Program Files\Java\jdk-21.0.10\bin\java.dll
Event: 0.052 Loaded shared library C:\Program Files\Java\jdk-21.0.10\bin\jsvml.dll
Event: 0.092 Loaded shared library C:\Program Files\Java\jdk-21.0.10\bin\zip.dll
Event: 0.096 Loaded shared library C:\Program Files\Java\jdk-21.0.10\bin\instrument.dll
Event: 0.101 Loaded shared library C:\Program Files\Java\jdk-21.0.10\bin\net.dll
Event: 0.103 Loaded shared library C:\Program Files\Java\jdk-21.0.10\bin\nio.dll
Event: 0.105 Loaded shared library C:\Program Files\Java\jdk-21.0.10\bin\zip.dll
Event: 0.243 Loaded shared library C:\Program Files\Java\jdk-21.0.10\bin\jimage.dll
Event: 0.430 Loaded shared library C:\Program Files\Java\jdk-21.0.10\bin\verify.dll
Event: 0.461 Loaded shared library C:\Users\User\.gradle\native\660c5614fbf4a5f2a75b1949f50a0caf5cd603558e7d8a26e50b933a0cfb79d1\windows-amd64\native-platform.dll
Event: 0.484 Loaded shared library C:\Users\User\.gradle\native\0.2.8\x86_64-windows-gnu\gradle-fileevents.dll
Event: 1.397 Loaded shared library C:\Program Files\Java\jdk-21.0.10\bin\management.dll
Event: 1.400 Loaded shared library C:\Program Files\Java\jdk-21.0.10\bin\management_ext.dll
Event: 1.524 Loaded shared library C:\Program Files\Java\jdk-21.0.10\bin\extnet.dll
Event: 1.708 Loaded shared library C:\Program Files\Java\jdk-21.0.10\bin\sunmscapi.dll
Event: 2448.878 Loaded shared library C:\Program Files\Java\jdk-21.0.10\bin\rmi.dll

Deoptimization events (20 events):
Event: 2449.051 Thread 0x000002292fbec320 DEOPT PACKING pc=0x000002296fcc5e81 sp=0x0000004248dfd4e0
Event: 2449.051 Thread 0x000002292fbec320 DEOPT UNPACKING pc=0x00000229763c4e42 sp=0x0000004248dfc9a8 mode 0
Event: 2449.051 Thread 0x000002292fbec320 DEOPT PACKING pc=0x000002296fcc5e81 sp=0x0000004248dfd4e0
Event: 2449.051 Thread 0x000002292fbec320 DEOPT UNPACKING pc=0x00000229763c4e42 sp=0x0000004248dfc9a8 mode 0
Event: 2449.052 Thread 0x000002292fbec320 DEOPT PACKING pc=0x000002296fcc5e81 sp=0x0000004248dfd4e0
Event: 2449.052 Thread 0x000002292fbec320 DEOPT UNPACKING pc=0x00000229763c4e42 sp=0x0000004248dfc9a8 mode 0
Event: 2449.052 Thread 0x000002292fbec320 DEOPT PACKING pc=0x000002296fcc5e81 sp=0x0000004248dfd4e0
Event: 2449.052 Thread 0x000002292fbec320 DEOPT UNPACKING pc=0x00000229763c4e42 sp=0x0000004248dfc9a8 mode 0
Event: 2449.052 Thread 0x000002292fbec320 DEOPT PACKING pc=0x000002296fcc5e81 sp=0x0000004248dfd4e0
Event: 2449.052 Thread 0x000002292fbec320 DEOPT UNPACKING pc=0x00000229763c4e42 sp=0x0000004248dfc9a8 mode 0
Event: 2449.052 Thread 0x000002292fbec320 DEOPT PACKING pc=0x000002296fcc5e81 sp=0x0000004248dfd4e0
Event: 2449.052 Thread 0x000002292fbec320 DEOPT UNPACKING pc=0x00000229763c4e42 sp=0x0000004248dfc9a8 mode 0
Event: 2449.068 Thread 0x0000022931079e50 DEOPT PACKING pc=0x000002296fcc5e81 sp=0x0000004248efd930
Event: 2449.068 Thread 0x0000022931079e50 DEOPT UNPACKING pc=0x00000229763c4e42 sp=0x0000004248efcdf8 mode 0
Event: 2449.856 Thread 0x000002292fbe8ea0 DEOPT PACKING pc=0x000002296f195fe6 sp=0x00000042481f9160
Event: 2449.856 Thread 0x000002292fbe8ea0 DEOPT UNPACKING pc=0x00000229763c4e42 sp=0x00000042481f86e0 mode 0
Event: 2449.974 Thread 0x000002292fbe8ea0 DEOPT PACKING pc=0x000002296f10acb3 sp=0x00000042481f9af0
Event: 2449.974 Thread 0x000002292fbe8ea0 DEOPT UNPACKING pc=0x00000229763c4e42 sp=0x00000042481f8f98 mode 0
Event: 2449.980 Thread 0x000002292fbe8ea0 DEOPT PACKING pc=0x000002296f10acb3 sp=0x00000042481f9af0
Event: 2449.980 Thread 0x000002292fbe8ea0 DEOPT UNPACKING pc=0x00000229763c4e42 sp=0x00000042481f8f98 mode 0

Classes loaded (20 events):
Event: 2449.034 Loading class sun/rmi/server/UnicastServerRef$HashToMethod_Maps$1
Event: 2449.034 Loading class sun/rmi/server/UnicastServerRef$HashToMethod_Maps$1 done
Event: 2449.059 Loading class sun/rmi/server/LoaderHandler$Loader
Event: 2449.059 Loading class sun/rmi/server/LoaderHandler$Loader done
Event: 2449.214 Loading class java/rmi/server/ServerNotActiveException
Event: 2449.246 Loading class java/rmi/server/ServerNotActiveException done
Event: 2449.274 Loading class sun/rmi/transport/DGCAckHandler
Event: 2449.286 Loading class sun/rmi/transport/DGCAckHandler done
Event: 2449.367 Loading class sun/rmi/transport/DGCAckHandler$1
Event: 2449.367 Loading class sun/rmi/transport/DGCAckHandler$1 done
Event: 2449.379 Loading class sun/rmi/transport/tcp/TCPTransport$ConnectionHandler
Event: 2449.379 Loading class sun/rmi/transport/tcp/TCPTransport$ConnectionHandler done
Event: 2449.426 Loading class sun/rmi/transport/Transport$1
Event: 2449.426 Loading class sun/rmi/transport/Transport$1 done
Event: 2449.428 Loading class sun/rmi/transport/DGCImpl$LeaseInfo
Event: 2449.428 Loading class sun/rmi/transport/DGCImpl$LeaseInfo done
Event: 2449.428 Loading class sun/rmi/transport/DGCImpl$1
Event: 2449.428 Loading class sun/rmi/transport/DGCImpl$1 done
Event: 2449.428 Loading class sun/rmi/transport/SequenceEntry
Event: 2449.428 Loading class sun/rmi/transport/SequenceEntry done

Classes unloaded (20 events):
Event: 2444.268 Thread 0x000002297eb253b0 Unloading class 0x00000229064c3c00 'java/lang/invoke/LambdaForm$MH+0x00000229064c3c00'
Event: 2444.268 Thread 0x000002297eb253b0 Unloading class 0x00000229064c3800 'java/lang/invoke/LambdaForm$MH+0x00000229064c3800'
Event: 2444.268 Thread 0x000002297eb253b0 Unloading class 0x00000229064c3400 'java/lang/invoke/LambdaForm$MH+0x00000229064c3400'
Event: 2444.268 Thread 0x000002297eb253b0 Unloading class 0x00000229064c3000 'java/lang/invoke/LambdaForm$MH+0x00000229064c3000'
Event: 2444.268 Thread 0x000002297eb253b0 Unloading class 0x00000229064c2c00 'java/lang/invoke/LambdaForm$MH+0x00000229064c2c00'
Event: 2444.268 Thread 0x000002297eb253b0 Unloading class 0x00000229064c2800 'java/lang/invoke/LambdaForm$MH+0x00000229064c2800'
Event: 2444.268 Thread 0x000002297eb253b0 Unloading class 0x00000229064c2000 'java/lang/invoke/LambdaForm$MH+0x00000229064c2000'
Event: 2444.268 Thread 0x000002297eb253b0 Unloading class 0x00000229064c0000 'java/lang/invoke/LambdaForm$MH+0x00000229064c0000'
Event: 2444.268 Thread 0x000002297eb253b0 Unloading class 0x00000229064bfc00 'java/lang/invoke/LambdaForm$MH+0x00000229064bfc00'
Event: 2444.268 Thread 0x000002297eb253b0 Unloading class 0x00000229064bf800 'java/lang/invoke/LambdaForm$MH+0x00000229064bf800'
Event: 2444.268 Thread 0x000002297eb253b0 Unloading class 0x00000229064bf000 'java/lang/invoke/LambdaForm$MH+0x00000229064bf000'
Event: 2444.268 Thread 0x000002297eb253b0 Unloading class 0x00000229064be800 'java/lang/invoke/LambdaForm$MH+0x00000229064be800'
Event: 2444.268 Thread 0x000002297eb253b0 Unloading class 0x00000229064be000 'java/lang/invoke/LambdaForm$MH+0x00000229064be000'
Event: 2444.268 Thread 0x000002297eb253b0 Unloading class 0x00000229064bdc00 'java/lang/invoke/LambdaForm$MH+0x00000229064bdc00'
Event: 2444.268 Thread 0x000002297eb253b0 Unloading class 0x00000229064bd800 'java/lang/invoke/LambdaForm$MH+0x00000229064bd800'
Event: 2444.268 Thread 0x000002297eb253b0 Unloading class 0x00000229064bd000 'java/lang/invoke/LambdaForm$MH+0x00000229064bd000'
Event: 2444.268 Thread 0x000002297eb253b0 Unloading class 0x00000229064bc400 'java/lang/invoke/LambdaForm$MH+0x00000229064bc400'
Event: 2444.268 Thread 0x000002297eb253b0 Unloading class 0x00000229064bc000 'java/lang/invoke/LambdaForm$MH+0x00000229064bc000'
Event: 2444.268 Thread 0x000002297eb253b0 Unloading class 0x00000229064adc00 'java/lang/invoke/LambdaForm$MH+0x00000229064adc00'
Event: 2444.268 Thread 0x000002297eb253b0 Unloading class 0x00000229060d8c00 'java/lang/invoke/LambdaForm$MH+0x00000229060d8c00'

Classes redefined (0 events):
No events

Internal exceptions (20 events):
Event: 2449.023 Thread 0x000002292fbe9bc0 Exception <a 'sun/nio/fs/WindowsException'{0x000000009ed88b80}> (0x000000009ed88b80) 
thrown [s\open\src\hotspot\share\prims\jni.cpp, line 520]
Event: 2449.023 Thread 0x000002292fbe9bc0 Exception <a 'sun/nio/fs/WindowsException'{0x000000009ed89ab8}> (0x000000009ed89ab8) 
thrown [s\open\src\hotspot\share\prims\jni.cpp, line 520]
Event: 2449.023 Thread 0x000002292fbe9bc0 Exception <a 'sun/nio/fs/WindowsException'{0x000000009ed89c90}> (0x000000009ed89c90) 
thrown [s\open\src\hotspot\share\prims\jni.cpp, line 520]
Event: 2449.024 Thread 0x0000022931077d80 Exception <a 'sun/nio/fs/WindowsException'{0x000000009e91f9a8}> (0x000000009e91f9a8) 
thrown [s\open\src\hotspot\share\prims\jni.cpp, line 520]
Event: 2449.025 Thread 0x000002292fbebc90 Exception <a 'sun/nio/fs/WindowsException'{0x000000009d7d0ad0}> (0x000000009d7d0ad0) 
thrown [s\open\src\hotspot\share\prims\jni.cpp, line 520]
Event: 2449.026 Thread 0x000002292fbe9bc0 Exception <a 'sun/nio/fs/WindowsException'{0x000000009ed9ab50}> (0x000000009ed9ab50) 
thrown [s\open\src\hotspot\share\prims\jni.cpp, line 520]
Event: 2449.026 Thread 0x000002292fbebc90 Exception <a 'sun/nio/fs/WindowsException'{0x000000009d7d6df8}> (0x000000009d7d6df8) 
thrown [s\open\src\hotspot\share\prims\jni.cpp, line 520]
Event: 2449.026 Thread 0x000002292fbebc90 Exception <a 'sun/nio/fs/WindowsException'{0x000000009d7d6f78}> (0x000000009d7d6f78) 
thrown [s\open\src\hotspot\share\prims\jni.cpp, line 520]
Event: 2449.026 Thread 0x000002292fbebc90 Exception <a 'sun/nio/fs/WindowsException'{0x000000009d7d7150}> (0x000000009d7d7150) 
thrown [s\open\src\hotspot\share\prims\jni.cpp, line 520]
Event: 2449.036 Thread 0x000002292fbe9bc0 Exception <a 'sun/nio/fs/WindowsException'{0x000000009edacc08}> (0x000000009edacc08) 
thrown [s\open\src\hotspot\share\prims\jni.cpp, line 520]
Event: 2449.036 Thread 0x000002292fbe9bc0 Exception <a 'sun/nio/fs/WindowsException'{0x000000009edadb98}> (0x000000009edadb98) 
thrown [s\open\src\hotspot\share\prims\jni.cpp, line 520]
Event: 2449.036 Thread 0x000002292fbe9bc0 Exception <a 'sun/nio/fs/WindowsException'{0x000000009edaddc8}> (0x000000009edaddc8) 
thrown [s\open\src\hotspot\share\prims\jni.cpp, line 520]
Event: 2449.036 Thread 0x000002292fbe9bc0 Exception <a 'sun/nio/fs/WindowsException'{0x000000009edaf4d8}> (0x000000009edaf4d8) 
thrown [s\open\src\hotspot\share\prims\jni.cpp, line 520]
Event: 2449.036 Thread 0x000002292fbe9bc0 Exception <a 'sun/nio/fs/WindowsException'{0x000000009edb0fe0}> (0x000000009edb0fe0) 
thrown [s\open\src\hotspot\share\prims\jni.cpp, line 520]
Event: 2449.101 Thread 0x000002292fbec320 Exception <a 'java/lang/NoSuchMethodError'{0x000000009d52d890}: static [Ljava/lang/Integer;.<clinit>()V> (0x000000009d52d890) 
thrown [s\open\src\hotspot\share\prims\jni.cpp, line 1111]
Event: 2449.228 Thread 0x000002292fbe8ea0 Exception <a 'sun/nio/fs/WindowsException'{0x000000009d3667d0}> (0x000000009d3667d0) 
thrown [s\open\src\hotspot\share\prims\jni.cpp, line 520]
Event: 2449.228 Thread 0x000002292fbe8ea0 Exception <a 'sun/nio/fs/WindowsException'{0x000000009d3709e8}> (0x000000009d3709e8) 
thrown [s\open\src\hotspot\share\prims\jni.cpp, line 520]
Event: 2449.228 Thread 0x000002292fbe8ea0 Exception <a 'sun/nio/fs/WindowsException'{0x000000009d373e08}> (0x000000009d373e08) 
thrown [s\open\src\hotspot\share\prims\jni.cpp, line 520]
Event: 2449.229 Thread 0x000002292fbe8ea0 Exception <a 'sun/nio/fs/WindowsException'{0x000000009d3770f8}> (0x000000009d3770f8) 
thrown [s\open\src\hotspot\share\prims\jni.cpp, line 520]
Event: 2449.987 Thread 0x000002292fbe8ea0 Exception <a 'sun/nio/fs/WindowsException'{0x000000009c8eb078}> (0x000000009c8eb078) 
thrown [s\open\src\hotspot\share\prims\jni.cpp, line 520]

ZGC Phase Switch (0 events):
No events

VM Operations (20 events):
Event: 2445.512 Executing VM operation: HandshakeAllThreads (Deoptimize)
Event: 2445.512 Executing VM operation: HandshakeAllThreads (Deoptimize) done
Event: 2446.213 Executing VM operation: HandshakeAllThreads (Deoptimize)
Event: 2446.213 Executing VM operation: HandshakeAllThreads (Deoptimize) done
Event: 2446.379 Executing VM operation: ICBufferFull
Event: 2446.404 Executing VM operation: ICBufferFull done
Event: 2446.838 Executing VM operation: HandshakeAllThreads (Deoptimize)
Event: 2446.861 Executing VM operation: HandshakeAllThreads (Deoptimize) done
Event: 2446.864 Executing VM operation: HandshakeAllThreads (Deoptimize)
Event: 2446.876 Executing VM operation: HandshakeAllThreads (Deoptimize) done
Event: 2447.891 Executing VM operation: Cleanup
Event: 2447.892 Executing VM operation: Cleanup done
Event: 2448.601 Executing VM operation: HandshakeAllThreads (Deoptimize)
Event: 2448.601 Executing VM operation: HandshakeAllThreads (Deoptimize) done
Event: 2448.903 Executing VM operation: HandshakeAllThreads (Deoptimize)
Event: 2448.924 Executing VM operation: HandshakeAllThreads (Deoptimize) done
Event: 2448.924 Executing VM operation: Cleanup
Event: 2448.924 Executing VM operation: Cleanup done
Event: 2449.930 Executing VM operation: Cleanup
Event: 2449.930 Executing VM operation: Cleanup done

Events (20 events):
Event: 2444.581 Thread 0x0000022924b6d0c0 Thread added: 0x0000022924b6d0c0
Event: 2445.352 Thread 0x0000022924b6d0c0 Thread exited: 0x0000022924b6d0c0
Event: 2445.356 Thread 0x0000022924b6d0c0 Thread added: 0x0000022924b6d0c0
Event: 2445.659 Thread 0x0000022924b6d0c0 Thread exited: 0x0000022924b6d0c0
Event: 2446.275 Thread 0x0000022930c4d680 Thread added: 0x0000022930c4d680
Event: 2446.524 Thread 0x0000022930c4d680 Thread exited: 0x0000022930c4d680
Event: 2446.880 Thread 0x0000022924d4edb0 Thread added: 0x0000022924d4edb0
Event: 2448.266 Thread 0x0000022924d4edb0 Thread exited: 0x0000022924d4edb0
Event: 2448.870 Thread 0x0000022924d4edb0 Thread added: 0x0000022924d4edb0
Event: 2448.877 Thread 0x0000022924d4bfc0 Thread added: 0x0000022924d4bfc0
Event: 2448.878 Thread 0x0000022924d4fad0 Thread added: 0x0000022924d4fad0
Event: 2448.954 Thread 0x00000229307ced60 Thread added: 0x00000229307ced60
Event: 2449.012 Thread 0x000002292e49d250 Thread added: 0x000002292e49d250
Event: 2449.034 Thread 0x000002292e49ec90 Thread added: 0x000002292e49ec90
Event: 2449.034 Thread 0x000002292e49df70 Thread added: 0x000002292e49df70
Event: 2449.379 Thread 0x000002292e49f320 Thread added: 0x000002292e49f320
Event: 2449.415 Thread 0x000002292e49f9b0 Thread added: 0x000002292e49f9b0
Event: 2449.579 Thread 0x00000229307ced60 Thread exited: 0x00000229307ced60
Event: 2449.899 Thread 0x00000229307cdfc0 Thread added: 0x00000229307cdfc0
Event: 2450.304 Thread 0x00000229307cdfc0 Thread exited: 0x00000229307cdfc0


Dynamic libraries:
0x00007ff6e8bc0000 - 0x00007ff6e8bd0000 	C:\Program Files\Java\jdk-21.0.10\bin\java.exe
0x00007ffe65c60000 - 0x00007ffe65ec7000 	C:\WINDOWS\SYSTEM32\ntdll.dll
0x00007ffe64f80000 - 0x00007ffe6504b000 	C:\WINDOWS\System32\KERNEL32.DLL
0x00007ffe632f0000 - 0x00007ffe636f2000 	C:\WINDOWS\System32\KERNELBASE.dll
0x00007ffe63060000 - 0x00007ffe631ac000 	C:\WINDOWS\System32\ucrtbase.dll
0x00007ffe5b1e0000 - 0x00007ffe5b1fe000 	C:\Program Files\Java\jdk-21.0.10\bin\VCRUNTIME140.dll
0x00007ffe5b200000 - 0x00007ffe5b219000 	C:\Program Files\Java\jdk-21.0.10\bin\jli.dll
0x00007ffe65890000 - 0x00007ffe6594c000 	C:\WINDOWS\System32\ADVAPI32.dll
0x00007ffe655e0000 - 0x00007ffe65689000 	C:\WINDOWS\System32\msvcrt.dll
0x00007ffe656a0000 - 0x00007ffe65749000 	C:\WINDOWS\System32\sechost.dll
0x00007ffe64340000 - 0x00007ffe64458000 	C:\WINDOWS\System32\RPCRT4.dll
0x00007ffe64800000 - 0x00007ffe649cf000 	C:\WINDOWS\System32\USER32.dll
0x00007ffe63950000 - 0x00007ffe63977000 	C:\WINDOWS\System32\win32u.dll
0x00007ffe657a0000 - 0x00007ffe657cb000 	C:\WINDOWS\System32\GDI32.dll
0x00007ffe631c0000 - 0x00007ffe632e9000 	C:\WINDOWS\System32\gdi32full.dll
0x00007ffe534a0000 - 0x00007ffe53730000 	C:\WINDOWS\WinSxS\amd64_microsoft.windows.common-controls_6595b64144ccf1df_6.0.26100.9278_none_3e0d1ba8e3303201\COMCTL32.dll
0x00007ffe62ef0000 - 0x00007ffe62f93000 	C:\WINDOWS\System32\msvcp_win.dll
0x00007ffe60670000 - 0x00007ffe6067b000 	C:\WINDOWS\SYSTEM32\VERSION.dll
0x00007ffe65760000 - 0x00007ffe65791000 	C:\WINDOWS\System32\IMM32.DLL
0x00007ffe5d6d0000 - 0x00007ffe5d6dc000 	C:\Program Files\Java\jdk-21.0.10\bin\vcruntime140_1.dll
0x00007ffe36730000 - 0x00007ffe367bd000 	C:\Program Files\Java\jdk-21.0.10\bin\msvcp140.dll
0x00007ffd85f20000 - 0x00007ffd86c47000 	C:\Program Files\Java\jdk-21.0.10\bin\server\jvm.dll
0x00007ffe641a0000 - 0x00007ffe64220000 	C:\WINDOWS\System32\WS2_32.dll
0x00007ffe52f70000 - 0x00007ffe52fa6000 	C:\WINDOWS\SYSTEM32\WINMM.dll
0x00007ffe62cc0000 - 0x00007ffe62d1e000 	C:\WINDOWS\SYSTEM32\POWRPROF.dll
0x00007ffe62ca0000 - 0x00007ffe62cb5000 	C:\WINDOWS\SYSTEM32\UMPDC.dll
0x00007ffe61b30000 - 0x00007ffe61b4b000 	C:\WINDOWS\SYSTEM32\kernel.appcore.dll
0x00007ffe5b280000 - 0x00007ffe5b28a000 	C:\Program Files\Java\jdk-21.0.10\bin\jimage.dll
0x00007ffe3b970000 - 0x00007ffe3bbbc000 	C:\WINDOWS\SYSTEM32\DBGHELP.DLL
0x00007ffe649e0000 - 0x00007ffe64d65000 	C:\WINDOWS\System32\combase.dll
0x00007ffe65050000 - 0x00007ffe65129000 	C:\WINDOWS\System32\OLEAUT32.dll
0x00007ffe2d2f0000 - 0x00007ffe2d32b000 	C:\WINDOWS\SYSTEM32\dbgcore.DLL
0x00007ffe63890000 - 0x00007ffe6393c000 	C:\WINDOWS\System32\bcryptPrimitives.dll
0x00007ffe55dd0000 - 0x00007ffe55de0000 	C:\Program Files\Java\jdk-21.0.10\bin\instrument.dll
0x00007ffe59ff0000 - 0x00007ffe5a011000 	C:\Program Files\Java\jdk-21.0.10\bin\java.dll
0x00007ffe63a00000 - 0x00007ffe64198000 	C:\WINDOWS\System32\SHELL32.dll
0x00007ffe60900000 - 0x00007ffe611ae000 	C:\WINDOWS\SYSTEM32\windows.storage.dll
0x00007ffe64df0000 - 0x00007ffe64eeb000 	C:\WINDOWS\System32\SHCORE.dll
0x00007ffe64ef0000 - 0x00007ffe64f56000 	C:\WINDOWS\System32\shlwapi.dll
0x00007ffe62d80000 - 0x00007ffe62da9000 	C:\WINDOWS\SYSTEM32\profapi.dll
0x00007ffe02090000 - 0x00007ffe02167000 	C:\Program Files\Java\jdk-21.0.10\bin\jsvml.dll
0x00007ffe3f6f0000 - 0x00007ffe3f708000 	C:\Program Files\Java\jdk-21.0.10\bin\zip.dll
0x00007ffe3fc60000 - 0x00007ffe3fc71000 	C:\Program Files\Java\jdk-21.0.10\bin\net.dll
0x00007ffe5c9e0000 - 0x00007ffe5cb0a000 	C:\WINDOWS\SYSTEM32\WINHTTP.dll
0x00007ffe620f0000 - 0x00007ffe6215c000 	C:\WINDOWS\system32\mswsock.dll
0x00007ffe3f770000 - 0x00007ffe3f786000 	C:\Program Files\Java\jdk-21.0.10\bin\nio.dll
0x00007ffe55e10000 - 0x00007ffe55e20000 	C:\Program Files\Java\jdk-21.0.10\bin\verify.dll
0x00007ffe3f510000 - 0x00007ffe3f537000 	C:\Users\User\.gradle\native\660c5614fbf4a5f2a75b1949f50a0caf5cd603558e7d8a26e50b933a0cfb79d1\windows-amd64\native-platform.dll
0x00007ffe08840000 - 0x00007ffe088b7000 	C:\Users\User\.gradle\native\0.2.8\x86_64-windows-gnu\gradle-fileevents.dll
0x00007ffe59ed0000 - 0x00007ffe59eda000 	C:\Program Files\Java\jdk-21.0.10\bin\management.dll
0x00007ffe59e70000 - 0x00007ffe59e7c000 	C:\Program Files\Java\jdk-21.0.10\bin\management_ext.dll
0x00007ffe65750000 - 0x00007ffe65758000 	C:\WINDOWS\System32\PSAPI.DLL
0x00007ffe61500000 - 0x00007ffe61533000 	C:\WINDOWS\SYSTEM32\IPHLPAPI.DLL
0x00007ffe65690000 - 0x00007ffe6569a000 	C:\WINDOWS\System32\NSI.dll
0x00007ffe55f00000 - 0x00007ffe55f09000 	C:\Program Files\Java\jdk-21.0.10\bin\extnet.dll
0x00007ffe623e0000 - 0x00007ffe623fb000 	C:\WINDOWS\SYSTEM32\CRYPTSP.dll
0x00007ffe61a90000 - 0x00007ffe61ac9000 	C:\WINDOWS\system32\rsaenh.dll
0x00007ffe621a0000 - 0x00007ffe621d4000 	C:\WINDOWS\SYSTEM32\USERENV.dll
0x00007ffe62d50000 - 0x00007ffe62d7a000 	C:\WINDOWS\SYSTEM32\bcrypt.dll
0x00007ffe62400000 - 0x00007ffe6240c000 	C:\WINDOWS\SYSTEM32\CRYPTBASE.dll
0x00007ffe4f340000 - 0x00007ffe4f34e000 	C:\Program Files\Java\jdk-21.0.10\bin\sunmscapi.dll
0x00007ffe63700000 - 0x00007ffe6387e000 	C:\WINDOWS\System32\CRYPT32.dll
0x00007ffe62620000 - 0x00007ffe62650000 	C:\WINDOWS\SYSTEM32\ncrypt.dll
0x00007ffe625d0000 - 0x00007ffe6260f000 	C:\WINDOWS\SYSTEM32\NTASN1.dll
0x00007ffe421d0000 - 0x00007ffe421d8000 	C:\WINDOWS\system32\wshunix.dll
0x00007ffe61c60000 - 0x00007ffe61c96000 	C:\WINDOWS\SYSTEM32\ntmarta.dll
0x00007ffe49eb0000 - 0x00007ffe49eb7000 	C:\Program Files\Java\jdk-21.0.10\bin\rmi.dll

dbghelp: loaded successfully - version: 4.0.5 - missing functions: none
symbol engine: initialized successfully - sym options: 0x614 - pdb path: .;C:\Program Files\Java\jdk-21.0.10\bin;C:\WINDOWS\SYSTEM32;C:\WINDOWS\WinSxS\amd64_microsoft.windows.common-controls_6595b64144ccf1df_6.0.26100.9278_none_3e0d1ba8e3303201;C:\Program Files\Java\jdk-21.0.10\bin\server;C:\Users\User\.gradle\native\660c5614fbf4a5f2a75b1949f50a0caf5cd603558e7d8a26e50b933a0cfb79d1\windows-amd64;C:\Users\User\.gradle\native\0.2.8\x86_64-windows-gnu

VM Arguments:
jvm_args: --add-opens=java.base/java.lang=ALL-UNNAMED --add-opens=java.base/java.lang.invoke=ALL-UNNAMED --add-opens=java.base/java.util=ALL-UNNAMED --add-opens=java.prefs/java.util.prefs=ALL-UNNAMED --add-exports=jdk.compiler/com.sun.tools.javac.api=ALL-UNNAMED --add-exports=jdk.compiler/com.sun.tools.javac.util=ALL-UNNAMED --add-opens=java.base/java.util=ALL-UNNAMED --add-opens=java.prefs/java.util.prefs=ALL-UNNAMED --add-opens=java.base/java.nio.charset=ALL-UNNAMED --add-opens=java.base/java.net=ALL-UNNAMED --add-opens=java.base/java.util.concurrent=ALL-UNNAMED --add-opens=java.base/java.util.concurrent.atomic=ALL-UNNAMED --add-opens=java.xml/javax.xml.namespace=ALL-UNNAMED --add-opens=java.base/java.time=ALL-UNNAMED -XX:MaxMetaspaceSize=512m -Xmx2048m -Dfile.encoding=UTF-8 -Duser.country=US -Duser.language=en -Duser.variant -javaagent:C:\Users\User\.gradle\wrapper\dists\gradle-9.4.1-bin\arn2x92ynaizyzdaamcbpbhtj\gradle-9.4.1\lib\agents\gradle-instrumentation-agent-9.4.1.jar 
java_command: org.gradle.launcher.daemon.bootstrap.GradleDaemon 9.4.1
java_class_path (initial): C:\Users\User\.gradle\wrapper\dists\gradle-9.4.1-bin\arn2x92ynaizyzdaamcbpbhtj\gradle-9.4.1\lib\gradle-daemon-main-9.4.1.jar
Launcher Type: SUN_STANDARD

[Global flags]
     intx CICompilerCount                          = 3                                         {product} {ergonomic}
   size_t CompressedClassSpaceSize                 = 436207616                                 {product} {ergonomic}
     uint ConcGCThreads                            = 1                                         {product} {ergonomic}
     uint G1ConcRefinementThreads                  = 4                                         {product} {ergonomic}
   size_t G1HeapRegionSize                         = 1048576                                   {product} {ergonomic}
    uintx GCDrainStackTargetSize                   = 64                                        {product} {ergonomic}
   size_t InitialHeapSize                          = 268435456                                 {product} {ergonomic}
   size_t MarkStackSize                            = 4194304                                   {product} {ergonomic}
   size_t MaxHeapSize                              = 2147483648                                {product} {command line}
   size_t MaxMetaspaceSize                         = 536870912                                 {product} {command line}
   size_t MaxNewSize                               = 1287651328                                {product} {ergonomic}
   size_t MinHeapDeltaBytes                        = 1048576                                   {product} {ergonomic}
   size_t MinHeapSize                              = 8388608                                   {product} {ergonomic}
    uintx NonNMethodCodeHeapSize                   = 5832780                                {pd product} {ergonomic}
    uintx NonProfiledCodeHeapSize                  = 122912730                              {pd product} {ergonomic}
    uintx ProfiledCodeHeapSize                     = 122912730                              {pd product} {ergonomic}
    uintx ReservedCodeCacheSize                    = 251658240                              {pd product} {ergonomic}
     bool SegmentedCodeCache                       = true                                      {product} {ergonomic}
   size_t SoftMaxHeapSize                          = 2147483648                             {manageable} {ergonomic}
     bool UseCompressedOops                        = true                           {product lp64_product} {ergonomic}
     bool UseG1GC                                  = true                                      {product} {ergonomic}
     bool UseLargePagesIndividualAllocation        = false                                  {pd product} {ergonomic}

Logging:
Log output configuration:
 #0: stdout all=warning uptime,level,tags foldmultilines=false
 #1: stderr all=off uptime,level,tags foldmultilines=false

Environment Variables:
PATH=C:\Users\User\Documents\mobile-pos\node_modules\.bin;C:\Users\User\Documents\mobile-pos\node_modules\.bin;C:\Users\User\Documents\node_modules\.bin;C:\Users\User\node_modules\.bin;C:\Users\node_modules\.bin;C:\node_modules\.bin;C:\Users\User\AppData\Local\nvm\v22.22.0\node_modules\npm\node_modules\@npmcli\run-script\lib\node-gyp-bin;C:\Program Files\Common Files\Oracle\Java\javapath;C:\Python314\Scripts\;C:\Python314\;C:\WINDOWS\system32;C:\WINDOWS;C:\WINDOWS\System32\Wbem;C:\WINDOWS\System32\WindowsPowerShell\v1.0\;C:\WINDOWS\System32\OpenSSH\;C:\ProgramData\chocolatey\bin;C:\Program Files\Git\cmd;C:\Users\User\AppData\Local\nvm;C:\nvm4w\nodejs;C:\Users\User\AppData\Local\Microsoft\WindowsApps;C:\Users\User\AppData\Local\Programs\Microsoft VS Code\bin;C:\Users\User\AppData\Roaming\npm;C:\Users\User\AppData\Local\Android\Sdk\platform-tools;C:\Users\User\AppData\Local\GitHubDesktop\bin;C:\Users\User\AppData\Local\nvm;C:\nvm4w\nodejs;C:\Users\User\AppData\Local\Microsoft\WinGet\Packages\Anthropic.ClaudeCode_Microsoft.Winget.Source_8wekyb3d8bbwe;
USERNAME=User
LANG=en_US.UTF-8
OS=Windows_NT
PROCESSOR_IDENTIFIER=Intel64 Family 6 Model 94 Stepping 3, GenuineIntel
TMP=C:\Users\User\AppData\Local\Temp
TEMP=C:\Users\User\AppData\Local\Temp




Periodic native trim disabled

---------------  S Y S T E M  ---------------

OS:
 Windows 11 , 64 bit Build 26100 (10.0.26100.9444)
OS uptime: 15 days 10:39 hours

CPU: total 4 (initial active 4) (4 cores per cpu, 1 threads per core) family 6 model 94 stepping 3 microcode 0xf0, cx8, cmov, fxsr, mmx, 3dnowpref, sse, sse2, sse3, ssse3, sse4.1, sse4.2, popcnt, lzcnt, tsc, tscinvbit, avx, avx2, aes, erms, clmul, bmi1, bmi2, rtm, adx, fma, vzeroupper, clflush, clflushopt, rdtscp, f16c
Processor Information for all 4 processors :
  Max Mhz: 3192, Current Mhz: 3192, Mhz Limit: 3192

Memory: 4k page, system-wide physical 16264M (767M free)
TotalPageFile size 65416M (AvailPageFile size 22M)
current process WorkingSet (physical memory assigned to process): 982M, peak: 982M
current process commit charge ("private bytes"): 1091M, peak: 1092M

vm_info: Java HotSpot(TM) 64-Bit Server VM (21.0.10+8-LTS-217) for windows-amd64 JRE (21.0.10+8-LTS-217), built on 2025-12-18T14:59:28Z by "mach5run" with MS VC++ 17.13 (VS2022)

END.
